XS,PKDWDM,JXBMC,WID,TXKCLB_DISPLAY,XXXQDM,XGXKLBDM_DISPLAY,XKZRS,SKZC,PKZTDM,SKJS,YPSJDD,XF,PKDWDM_DISPLAY,SFXGXK_DISPLAY,KCFL1_DISPLAY,SKXQ,XNXQDM,TKJG,JXBID,SKBJ,SFTK,XXXQDM_DISPLAY,XNXQDM_DISPLAY,KXH,SKJAS,SYXS,SFTK_DISPLAY,XGXKLBDM,KCFL1,KTJSXS,TXKCLB,KCSJXS,SFXGXK,KCM,JXLDM,SKJC,JXLDM_DISPLAY,KCH
96.0,400110,微积分II与线性代数(第二层次)01班,20252026300010012B01,数学课,1,,1,1-17周,2,吴振,周一 1节 1-16周 ,5.0,数学学院,否,理论+实践课程,周一,2025-2026-3,,20252026300010012B01,2025测试院系测试专业,0,鼓楼校区,2025-2026学年 暑期,01,无,0.0,否,,5,64,01,32,0,微积分II与线性代数(第二层次),,第1节-第1节,,00010012B
32.0,400030,走近中华优秀传统文化01班,2025202630037172001,,3,通识课,120,2-4周,1,"张亮,邵佳德,胡星铭",自由时间  2-4周 自由地点,2.0,哲学学院,是,理论类课程,自由时间,2025-2026-3,,2025202630037172001,2025公共课程通识课,0,仙林校区,2025-2026学年 暑期,01,自由地点,0.0,否,01,1,32,,0,1,走近中华优秀传统文化,,自由时间,,00371720
16.0,400030,当代社会中的科学与技术01班,2025202630037213001,,3,通识课,120,2-4周,1,"郭明姬,刘鹏",自由时间  2-4周 自由地点,1.0,哲学学院,是,理论类课程,自由时间,2025-2026-3,,2025202630037213001,2025公共课程通识课,0,仙林校区,2025-2026学年 暑期,01,自由地点,0.0,否,01,1,16,,0,1,当代社会中的科学与技术,,自由时间,,00372130
16.0,000000,一词一世界——外刊时文共读01班,2025202630037214001,,3,通识课,115,2-4周,2,夏鹏,自由时间  2-4周 自由地点,1.0,公共课程,是,实践类课程,自由时间,2025-2026-3,,2025202630037214001,2025公共课程通识课,0,仙林校区,2025-2026学年 暑期,01,自由地点,0.0,否,01,3,0,,16,1,一词一世界——外刊时文共读,,自由时间,,00372140
32.0,400010,甲骨学01班,2025202630103236001,,3,,13,"1-4周,1-4周",2,"程少轩,聂菲,魏宜辉","周一 3-6节 1-4周 文学院433室, 周二 3-6节 1-4周 文学院433室",2.0,文学院,否,理论类课程,"周一,周二",2025-2026-3,,2025202630103236001,2024文学院汉语言文学（古文字学方向）（强基计划）,0,仙林校区,2025-2026学年 暑期,01,"文学院433室,文学院433室",0.0,否,,1,32,,0,0,甲骨学,,"第3节-第6节,第3节-第6节",,01032360
32.0,400020,重寻古典：中国历史文化遗存实践考察01班,2025202630211098001,,3,,23,1-2周,0,"王晓琪,徐一鸣,闵凡祥,田捷",自由时间  1-2周 自由地点,2.0,历史学院,否,实践类课程,自由时间,2025-2026-3,,2025202630211098001,"2023历史学院历史学（拔尖计划）,2023历史学院历史学（强基计划）,2023历史学院考古学,2023历史学院历史学,2023历史学院考古学（文物鉴定方向）",0,仙林校区,2025-2026学年 暑期,01,自由地点,0.0,否,,3,0,,32,0,重寻古典：中国历史文化遗存实践考察,,自由时间,,02110980
32.0,400020,走进非洲毛里求斯环境与发展跨学科科考与科研训练项目01班,20252026302111470S01,,3,,8,1-4周,0,刘立涛,自由时间  1-4周 毛里求斯,2.0,历史学院,否,实践类课程,自由时间,2025-2026-3,,20252026302111470S01,2023历史学院历史学,0,仙林校区,2025-2026学年 暑期,01,毛里求斯,0.0,否,,3,4,,28,0,走进非洲毛里求斯环境与发展跨学科科考与科研训练项目,,自由时间,,02111470S
180.0,400020,青年科学家长三角国际科研项目-楚国考古01班,2025202630221091001,,3,,2,1-4周,2,张良仁,自由时间  1-4周 自由地点,1.0,历史学院,否,理论+实践课程,自由时间,2025-2026-3,,2025202630221091001,,0,仙林校区,2025-2026学年 暑期,01,自由地点,0.0,否,,5,20,,160,0,青年科学家长三角国际科研项目-楚国考古,,自由时间,,02210910
32.0,400050,专业实习(一)01班,20252026303000800A01,,3,,129,1-4周,2,路敏玥,自由时间  1-4周 自由地点,2.0,法学院,否,实践类课程,自由时间,2025-2026-3,,20252026303000800A01,"2024法学院法学,2024法学院法学（涉外型卓越法律人才实验班）",0,仙林校区,2025-2026学年 暑期,01,自由地点,0.0,否,,3,0,,32,0,专业实习(一),,自由时间,,03000800A
32.0,400050,专业实习(二)01班,20252026303000800B01,,3,,134,1-4周,2,平凡,自由时间  1-4周 自由地点,2.0,法学院,否,实践类课程,自由时间,2025-2026-3,,20252026303000800B01,"2023法学院法学,2023法学院法学（涉外型卓越法律人才实验班）",0,仙林校区,2025-2026学年 暑期,01,自由地点,0.0,否,,3,0,,32,0,专业实习(二),,自由时间,,03000800B
16.0,400030,精神分析与现代性反思01班,2025202630401168001,,3,,8,"3-4周,3-4周,3-4周,3-4周",2,黄玮杰,"周一 9-10节 3-4周 哲学学院402室, 周二 9-10节 3-4周 哲学学院402室, 周三 9-10节 3-4周 哲学学院402室, 周四 9-10节 3-4周 哲学学院402室",1.0,哲学学院,否,理论类课程,"周一,周二,周三,周四",2025-2026-3,,2025202630401168001,"2024哲学学院哲学（拔尖计划）,2024哲学学院哲学,2024哲学学院哲学（强基计划）",0,仙林校区,2025-2026学年 暑期,01,"哲学学院402室,哲学学院402室,哲学学院402室,哲学学院402室",0.0,否,,1,16,,0,0,精神分析与现代性反思,,"第9节-第10节,第9节-第10节,第9节-第10节,第9节-第10节",,04011680
16.0,400030,“古典文明的中西对话与现代互鉴”全球科考与科研训练01班,20252026304011730S01,,3,,14,3-4周,1,"邵佳德,胡永辉",自由时间  3-4周 自由地点,1.0,哲学学院,否,实践类课程,自由时间,2025-2026-3,,20252026304011730S01,"2023哲学学院哲学（强基计划）,2024哲学学院哲学,2024哲学学院哲学（强基计划）,2024哲学学院哲学（拔尖计划）,2023哲学学院哲学（拔尖计划）,2023哲学学院哲学",0,仙林校区,2025-2026学年 暑期,01,自由地点,0.0,否,,3,6,,10,0,“古典文明的中西对话与现代互鉴”全球科考与科研训练,,自由时间,,04011730S
36.0,400040,全球科考与科研训练项目“中国品牌海外传播效能”01班,2025202630500624001,,3,,0,3-4周,1,"朱江丽,王啸",自由时间  3-4周 自由地点,1.0,新闻传播学院,否,理论+实践课程,自由时间,2025-2026-3,,2025202630500624001,2023新闻传播学院广告学,0,仙林校区,2025-2026学年 暑期,01,自由地点,0.0,否,,5,6,,30,0,全球科考与科研训练项目“中国品牌海外传播效能”,,自由时间,,05006240
32.0,400080,志合山海：“中国—中亚精神”引领下的区域治理实践考察01班,20252026306010760S01,,3,,11,1-4周,0,"蒋心慧,杨黎婧,祁玲玲",自由时间  1-4周 自由地点,1.0,政府管理学院,否,实践类课程,自由时间,2025-2026-3,,20252026306010760S01,,0,仙林校区,2025-2026学年 暑期,01,自由地点,0.0,否,,3,0,,32,0,志合山海：“中国—中亚精神”引领下的区域治理实践考察,,自由时间,,06010760S
32.0,400080,青年科学家长三角国际科研项目-城市气候灾害管理01班,20252026306040680S01,,3,,6,1-4周,0,彭彬彬,自由时间  1-4周 自由地点,1.0,政府管理学院,否,实践类课程,自由时间,2025-2026-3,,20252026306040680S01,,0,仙林校区,2025-2026学年 暑期,01,自由地点,0.0,否,,3,0,,32,0,青年科学家长三角国际科研项目-城市气候灾害管理,,自由时间,,06040680S
80.0,400090,“一带一路”大数据产业发展调研科考与科研训练项目01班,20252026307000730S01,,3,,10,1-2周,2,颜嘉麒,自由时间  1-2周 自由地点,1.0,信息管理学院,否,实践类课程,自由时间,2025-2026-3,,20252026307000730S01,2024信息管理学院信息管理与信息系统,0,仙林校区,2025-2026学年 暑期,01,自由地点,0.0,否,,3,0,,80,0,“一带一路”大数据产业发展调研科考与科研训练项目,,自由时间,,07000730S
32.0,400090,案牍存赤心——从援疆故事读懂援疆工作科考与科研训练项目01班,20252026307030280S01,,3,,10,4周,2,"张斌,李高杰,陈烨,康乐乐",自由时间  4周 自由地点,1.0,信息管理学院,否,实践类课程,自由时间,2025-2026-3,,20252026307030280S01,2024信息管理学院信息管理与信息系统,0,仙林校区,2025-2026学年 暑期,01,自由地点,0.0,否,,3,0,,32,0,案牍存赤心——从援疆故事读懂援疆工作科考与科研训练项目,,自由时间,,07030280S
18.0,400100,青年科学家长三角国际科研项目01班,2025202630808114001,,3,,1,1-4周,2,耿柳娜,自由时间  1-4周 自由地点,1.0,社会学院,否,理论+实践+实验课程,自由时间,2025-2026-3,,2025202630808114001,2023社会学院社会学,0,仙林校区,2025-2026学年 暑期,01,自由地点,3.0,否,,7,3,,12,0,青年科学家长三角国际科研项目,,自由时间,,08081140
64.0,400100,"""南南流动""——马来西亚移民的经济形态与教育路径研究01班",2025202630808115001,,3,,16,1-4周,1,"ZI WANG,邱月",自由时间  1-4周 自由地点,1.0,社会学院,否,理论+实践课程,自由时间,2025-2026-3,,2025202630808115001,2023社会学院社会学,0,仙林校区,2025-2026学年 暑期,01,自由地点,0.0,否,,5,16,,48,0,"""南南流动""——马来西亚移民的经济形态与教育路径研究",,自由时间,,08081150
32.0,400060,青年科学家长三角国际科研项目ESG01班,2025202630901107001,,3,,2,1-4周,0,卜茂亮,自由时间  1-4周 自由地点,1.0,商学院,否,实验类课程,自由时间,2025-2026-3,,2025202630901107001,,0,仙林校区,2025-2026学年 暑期,01,自由地点,32.0,否,,2,0,,0,0,青年科学家长三角国际科研项目ESG,,自由时间,,09011070
32.0,400070,朝鲜语专业实习与社会实践01班,2025202631008168001,,3,,0,1-4周,2,吴玉梅,自由时间  1-4周 自由地点,2.0,外国语学院,否,实践类课程,自由时间,2025-2026-3,,2025202631008168001,"2023外国语学院朝鲜语,2025外国语学院朝鲜语,2024外国语学院朝鲜语",0,仙林校区,2025-2026学年 暑期,01,自由地点,0.0,否,,3,0,,32,0,朝鲜语专业实习与社会实践,,自由时间,,10081680
120.0,400070,跨文化视角下“世界记忆”与“和平形象”构建的科考与科研训练项目01班,20252026310084200S01,,3,,0,1-4周,2,"陈民,常晅",自由时间  1-4周 自由地点,1.0,外国语学院,否,实践类课程,自由时间,2025-2026-3,,20252026310084200S01,"2023外国语学院德语,2025外国语学院德语,2024外国语学院德语,2024外国语学院德语（德语法学实验班）,2025外国语学院德语（德语法学实验班）,2023外国语学院德语（德语法学实验班）",0,仙林校区,2025-2026学年 暑期,01,自由地点,0.0,否,,3,0,,120,0,跨文化视角下“世界记忆”与“和平形象”构建的科考与科研训练项目,,自由时间,,10084200S
16.0,400120,青年科学家长三角国际科研项目-物理学01班,20252026312010420T01,,1,,4,1-4周,2,张瑞,自由时间  1-4周 自由地点,1.0,物理学院,否,实验类课程,自由时间,2025-2026-3,,20252026312010420T01,,,鼓楼校区,2025-2026学年 暑期,01,自由地点,8.0,,,2,4,,4,0,青年科学家长三角国际科研项目-物理学,,自由时间,,12010420T
16.0,400120,石墨烯新材料制备与表征全球科考与科研项目01班,2025202631202028001,,1,,0,1-4周,0,于葛亮,自由时间  1-4周 自由地点,1.0,物理学院,否,理论类课程,自由时间,2025-2026-3,,2025202631202028001,,0,鼓楼校区,2025-2026学年 暑期,01,自由地点,5.0,否,,1,6,,5,0,石墨烯新材料制备与表征全球科考与科研项目,,自由时间,,12020280
64.0,400140,化工工艺安全及实践01班,2025202631302008001,,3,,11,1-4周,0,周政,自由时间  1-4周 自由地点,4.0,化学学院,否,理论+实践课程,自由时间,2025-2026-3,,2025202631302008001,"2023化学学院化学（强基计划）,2023化学学院化学（拔尖计划）,2023化学学院应用化学,2023化学学院化学",0,仙林校区,2025-2026学年 暑期,01,自由地点,0.0,否,,5,48,,16,0,化工工艺安全及实践,,自由时间,,13020080
16.0,400140,数据采集处理发表的质量保证：统计学在实验科学中的应用01班,2025202631303119001,,3,,14,"1-2周,1-2周,1-2周,1-2周,1-2周",2,顾群,"周一 3-4节 1-2周 7月6日化学楼A216，13日化学楼G204, 周二 3-4节 1-2周 化学楼A216, 周三 3-4节 1-2周 化学楼A216, 周四 3-4节 1-2周 7月9日化学楼G204,  16在化学楼A216, 周五 3-4节 1-2周 化学楼A216",1.0,化学学院,否,理论类课程,"周一,周二,周三,周四,周五",2025-2026-3,,2025202631303119001,"2023化学学院化学（强基计划）,2025化学学院化学（拔尖计划）,2025化学学院应用化学,2025化学学院化学,2025化学学院化学（化学生物学）,2024化学学院化学（拔尖计划）,2024化学学院应用化学,2024化学学院化学,2024化学学院化学（化学生物学）,2024化学学院化学（强基计划）,2025化学学院化学（强基计划）,2023化学学院化学（拔尖计划）,2023化学学院化学（化学生物学）,2023化学学院应用化学,2023化学学院化学",0,仙林校区,2025-2026学年 暑期,01,"7月6日化学楼A216，13日化学楼G204,化学楼A216,化学楼A216,7月9日化学楼G204, 16在化学楼A216,化学楼A216",0.0,否,,1,16,,0,0,数据采集处理发表的质量保证：统计学在实验科学中的应用,,"第3节-第4节,第3节-第4节,第3节-第4节,第3节-第4节,第3节-第4节",,13031190
32.0,400140,青年科学家长三角国际科研项目-化学01班,2025202631303123001,,3,,7,1-4周,1,"朱少林,曹毅,王元元,张晶晶",自由时间  1-4周 化学楼,1.0,化学学院,否,理论+实践课程,自由时间,2025-2026-3,,2025202631303123001,"2023化学学院化学（强基计划）,2023化学学院化学（拔尖计划）,2023化学学院化学",0,仙林校区,2025-2026学年 暑期,01,化学楼,16.0,否,,5,10,,6,0,青年科学家长三角国际科研项目-化学,,自由时间,,13031230
60.0,400220,野外实习102班,2025202631401004002,,3,,105,4周,0,"李忠秋,刘亚兰,吴新卫,庞延军,祝安琪,周飞,黄成,习新强",自由时间  4周 安徽野外实习基地,1.0,生命科学学院,否,理论+实践课程,自由时间,2025-2026-3,,2025202631401004002,"2025生命科学学院生物科学,2025生命科学学院生物科学类,2025生命科学学院生物科学（拔尖计划）,2025生命科学学院生物科学（强基计划）,2025数学学院数学与应用数学（强基计划）（数学生物交叉实验班）,2025生命科学学院生物科学（强基计划）（生物数学交叉实验班）",0,仙林校区,2025-2026学年 暑期,02,安徽野外实习基地,0.0,否,,5,12,,48,0,野外实习1,,自由时间,,14010040
36.0,400220,野外实习201班,2025202631410001001,,3,,4,2周,2,"安树青,冷欣",自由时间  2周 野外,2.0,生命科学学院,否,实践类课程,自由时间,2025-2026-3,,2025202631410001001,"2024生命科学学院生物科学（强基计划）（生物数学交叉实验班）,2024生命科学学院生物科学（拔尖计划）,2024生命科学学院生物科学（强基计划）,2024生命科学学院生物科学类",0,仙林校区,2025-2026学年 暑期,01,野外,0.0,否,,3,0,,36,0,野外实习2,,自由时间,,14100010
36.0,400220,野外实习202班,2025202631410001002,,3,,1,3-4周,2,习新强,自由时间  3-4周 野外,2.0,生命科学学院,否,实践类课程,自由时间,2025-2026-3,,2025202631410001002,"2024生命科学学院生物科学类,2024生命科学学院生物科学（拔尖计划）,2024生命科学学院生物科学（强基计划）",0,仙林校区,2025-2026学年 暑期,02,野外,0.0,否,,3,0,,36,0,野外实习2,,自由时间,,14100010
36.0,400220,野外实习203班,2025202631410001003,,3,,0,3-4周,2,李忠秋,自由时间  3-4周 野外,2.0,生命科学学院,否,实践类课程,自由时间,2025-2026-3,,2025202631410001003,"2024生命科学学院生物科学类,2024生命科学学院生物科学（拔尖计划）,2024生命科学学院生物科学（强基计划）",0,仙林校区,2025-2026学年 暑期,03,野外,0.0,否,,3,0,,36,0,野外实习2,,自由时间,,14100010
36.0,400220,野外实习204班,2025202631410001004,,3,,3,3-4周,2,周长芳,自由时间  3-4周 野外,2.0,生命科学学院,否,实践类课程,自由时间,2025-2026-3,,2025202631410001004,"2024生命科学学院生物科学类,2024生命科学学院生物科学（拔尖计划）,2024生命科学学院生物科学（强基计划）",0,仙林校区,2025-2026学年 暑期,04,野外,0.0,否,,3,0,,36,0,野外实习2,,自由时间,,14100010
36.0,400220,野外实习301班,2025202631410002001,,3,,2,1周,2,徐驰,自由时间  1周 野外,2.0,生命科学学院,否,实践类课程,自由时间,2025-2026-3,,2025202631410002001,"2023生命科学学院生物科学（强基计划）,2023生命科学学院生物科学类,2023生命科学学院生物科学（拔尖计划）",0,仙林校区,2025-2026学年 暑期,01,野外,0.0,否,,3,0,,36,0,野外实习3,,自由时间,,14100020
32.0,400220,科研融合生物化学主题开放实验01班,20252026314100850T01,,3,,8,"1周,1周,1周,1周,1周",2,"张冬梅,卢彦,梁文英","周一 2-8节 1周 生科C214, 周二 2-8节 1周 生科C214, 周三 2-8节 1周 生科C214, 周四 2-8节 1周 生科C214, 周五 2-8节 1周 生科C214",2.0,生命科学学院,否,实验类课程,"周一,周二,周三,周四,周五",2025-2026-3,,20252026314100850T01,"2024生命科学学院生物科学（强基计划）（生物数学交叉实验班）,2024生命科学学院生物科学（拔尖计划）,2024生命科学学院生物科学（强基计划）,2024生命科学学院生物科学类",0,仙林校区,2025-2026学年 暑期,01,"生科C214,生科C214,生科C214,生科C214,生科C214",32.0,否,,2,0,,0,0,科研融合生物化学主题开放实验,,"第2节-第8节,第2节-第8节,第2节-第8节,第2节-第8节,第2节-第8节",,14100850T
32.0,400220,青年科学家长三角国际科研项目-生命科学01班,20252026314100890T01,,3,,2,1-4周,2,陈金琳,自由时间  1-4周 自由地点,1.0,生命科学学院,否,实验类课程,自由时间,2025-2026-3,,20252026314100890T01,,0,仙林校区,2025-2026学年 暑期,01,自由地点,32.0,否,,2,0,,0,0,青年科学家长三角国际科研项目-生命科学,,自由时间,,14100890T
32.0,400220,青年科学家长三角国际科研项目-生命科学02班,20252026314100890T02,,3,,2,1-4周,2,周祯,自由时间  1-4周 自由地点,1.0,生命科学学院,否,实验类课程,自由时间,2025-2026-3,,20252026314100890T02,,0,仙林校区,2025-2026学年 暑期,02,自由地点,32.0,否,,2,0,,0,0,青年科学家长三角国际科研项目-生命科学,,自由时间,,14100890T
32.0,400220,青年科学家长三角国际科研项目-生命科学03班,20252026314100890T03,,3,,1,1-4周,2,陈加余,自由时间  1-4周 自由地点,1.0,生命科学学院,否,实验类课程,自由时间,2025-2026-3,,20252026314100890T03,,0,仙林校区,2025-2026学年 暑期,03,自由地点,32.0,否,,2,0,,0,0,青年科学家长三角国际科研项目-生命科学,,自由时间,,14100890T
32.0,400220,青年科学家长三角国际科研项目-生命科学04班,20252026314100890T04,,3,,2,1-4周,2,陈迪俊,自由时间  1-4周 自由地点,1.0,生命科学学院,否,实验类课程,自由时间,2025-2026-3,,20252026314100890T04,,0,仙林校区,2025-2026学年 暑期,04,自由地点,32.0,否,,2,0,,0,0,青年科学家长三角国际科研项目-生命科学,,自由时间,,14100890T
16.0,400220,中新科考与“生命的化学”科研训练项目暑期班01班,2025202631410100001,,3,,14,3-4周,2,"孙博,祝安琪",自由时间  3-4周 自由地点,1.0,生命科学学院,否,理论+实践+实验课程,自由时间,2025-2026-3,,2025202631410100001,,0,仙林校区,2025-2026学年 暑期,01,自由地点,8.0,否,,7,6,,2,0,中新科考与“生命的化学”科研训练项目暑期班,,自由时间,,14101000
84.0,400190,专业综合实习01班,2025202631500009001,,3,,0,1-4周,2,谢月清,自由时间  1-4周 ,2.0,地球科学与工程学院,否,实践类课程,自由时间,2025-2026-3,,2025202631500009001,2024地球科学与工程学院水文与水资源工程,0,仙林校区,2025-2026学年 暑期,01,无,0.0,否,,3,0,,84,0,专业综合实习,,自由时间,,15000090
84.0,400190,专业综合实习02班,2025202631500009002,,3,,0,1-4周,2,阮友谊,自由时间  1-4周 ,2.0,地球科学与工程学院,否,实践类课程,自由时间,2025-2026-3,,2025202631500009002,2024地球科学与工程学院地球物理学,0,仙林校区,2025-2026学年 暑期,02,无,0.0,否,,3,0,,84,0,专业综合实习,,自由时间,,15000090
84.0,400190,专业综合实习03班,2025202631500009003,,3,,8,1-4周,2,谭道远,自由时间  1-4周 ,2.0,地球科学与工程学院,否,实践类课程,自由时间,2025-2026-3,,2025202631500009003,2024地球科学与工程学院地质学（拔尖计划）,0,仙林校区,2025-2026学年 暑期,03,无,0.0,否,,3,0,,84,0,专业综合实习,,自由时间,,15000090
168.0,400190,地质认识实习01班,20252026315000190S01,,3,,59,1-4周,2,"胡修棉,于津海,王国光,王博,黄周传,曾罡,谢月清,李广伟,泮晓华,杨爱华,马安林",自由时间  1-4周 自由地点,2.0,地球科学与工程学院,否,实践类课程,自由时间,2025-2026-3,,20252026315000190S01,"2025地球科学与工程学院地质学类,2025地球科学与工程学院地质学（生物演化与环境方向）,2025地球科学与工程学院行星科学,2025地球科学与工程学院地质学（拔尖计划）",0,仙林校区,2025-2026学年 暑期,01,自由地点,0.0,否,,3,0,,168,0,地质认识实习,,自由时间,,15000190S
300.0,400190,地球科学实践与探索01班,2025202631500021001,,3,,60,1-4周,2,,自由时间  1-4周 ,1.0,地球科学与工程学院,否,理论+实践课程,自由时间,2025-2026-3,,2025202631500021001,"2023地球科学与工程学院地质学（拔尖计划）,2023地球科学与工程学院地下水科学与工程,2023地球科学与工程学院水文与水资源工程,2023地球科学与工程学院地球物理学,2023地球科学与工程学院地质学（生物演化与环境方向）,2023地球科学与工程学院地质工程,2023地球科学与工程学院地质学",0,仙林校区,2025-2026学年 暑期,01,无,0.0,否,,5,4,,296,0,地球科学实践与探索,,自由时间,,15000210
84.0,400190,专业技能拓展实习01班,2025202631501028001,,3,,2,1-4周,2,唐卿,自由时间  1-4周 ,2.0,地球科学与工程学院,否,实践类课程,自由时间,2025-2026-3,,2025202631501028001,"2023地球科学与工程学院地质学（生物演化与环境方向）,2025地球科学与工程学院地质学（生物演化与环境方向）,2024地球科学与工程学院地质学（生物演化与环境方向）",0,仙林校区,2025-2026学年 暑期,01,无,0.0,否,,3,0,,84,0,专业技能拓展实习,,自由时间,,15010280
80.0,400190,中德甘肃野外地质学综合科考与科研训练项目01班,20252026315010420S01,,3,,0,1-4周,2,王勤,自由时间  1-4周 野外,1.0,地球科学与工程学院,否,实践类课程,自由时间,2025-2026-3,,20252026315010420S01,"2024地球科学与工程学院地质学（拔尖计划）,2024地球科学与工程学院地质学",0,仙林校区,2025-2026学年 暑期,01,野外,0.0,否,,3,0,,80,0,中德甘肃野外地质学综合科考与科研训练项目,,自由时间,,15010420S
80.0,400190,中德甘肃野外地质学综合科考与科研训练项目02班,20252026315010420S02,,3,,5,1-4周,2,王勤,自由时间  1-4周 ,1.0,地球科学与工程学院,否,实践类课程,自由时间,2025-2026-3,,20252026315010420S02,2023地球科学与工程学院地质学（拔尖计划）,0,仙林校区,2025-2026学年 暑期,02,无,0.0,否,,3,0,,80,0,中德甘肃野外地质学综合科考与科研训练项目,,自由时间,,15010420S
72.0,400190,中德莱茵河谷-黑森林地质演化科考与科研训练01班,20252026315010430S01,,3,,0,1-4周,1,"曹程,泮燕红",自由时间  1-4周 野外,1.0,地球科学与工程学院,否,实践类课程,自由时间,2025-2026-3,,20252026315010430S01,"2024地球科学与工程学院地质学（拔尖计划）,2024地球科学与工程学院地质学",0,仙林校区,2025-2026学年 暑期,01,野外,4.0,否,,3,8,,60,0,中德莱茵河谷-黑森林地质演化科考与科研训练,,自由时间,,15010430S
72.0,400190,中德莱茵河谷-黑森林地质演化科考与科研训练02班,20252026315010430S02,,3,,15,1-4周,1,"泮燕红,曹程",自由时间  1-4周 ,1.0,地球科学与工程学院,否,实践类课程,自由时间,2025-2026-3,,20252026315010430S02,2023地球科学与工程学院地质学（拔尖计划）,0,仙林校区,2025-2026学年 暑期,02,无,4.0,否,,3,8,,60,0,中德莱茵河谷-黑森林地质演化科考与科研训练,,自由时间,,15010430S
32.0,400190,Cladistics分支系统学01班,2025202631507026001,,3,,0,1-4周,2,姜宝玉,自由时间  1-4周 ,2.0,地球科学与工程学院,否,理论+实践课程,自由时间,2025-2026-3,,2025202631507026001,2023地球科学与工程学院地质学（生物演化与环境方向）,,仙林校区,2025-2026学年 暑期,01,无,,,,5,,,,0,Cladistics分支系统学,,自由时间,,15070260
96.0,400190,岩矿鉴定技能训练01班,2025202631508006001,,3,,23,1-4周,1,,自由时间  1-4周 基础实验楼,2.0,地球科学与工程学院,否,实验类课程,自由时间,2025-2026-3,,2025202631508006001,"2023地球科学与工程学院地质学（拔尖计划）,2023地球科学与工程学院地质学",0,仙林校区,2025-2026学年 暑期,01,基础实验楼,72.0,否,,2,24,,0,0,岩矿鉴定技能训练,,自由时间,,15080060
112.0,400190,行星科学地质综合实习01班,2025202631510009001,,3,,0,1-4周,1,"晏浩,谢豪,徐夕生,刘汉永,曹程",自由时间  1-4周 ,2.0,地球科学与工程学院,否,理论+实践课程,自由时间,2025-2026-3,,2025202631510009001,"2024地球科学与工程学院行星科学,2023地球科学与工程学院行星科学",0,仙林校区,2025-2026学年 暑期,01,无,24.0,否,,5,24,,64,0,行星科学地质综合实习,,自由时间,,15100090
80.0,400200,简明地质学实习01班,2025202631604050001,,1,,29,1-2周,2,"王晓勇,张瀚之,胡镕,孙雪峰,李一泉,高超",自由时间  1-2周 自由地点,2.0,地理与海洋科学学院,否,实践类课程,自由时间,2025-2026-3,,2025202631604050001,"2025地理与海洋科学学院地理科学类,2025地理与海洋科学学院地理科学（拔尖计划）",0,鼓楼校区,2025-2026学年 暑期,01,自由地点,0.0,否,,3,0,,80,0,简明地质学实习,,自由时间,,16040500
120.0,400200,地理学教学实习01班,2025202631604051001,,3,,29,3-4周,2,"王先彦,高超,李徐生,张兴奇,左平,张学良,陈刚,王军,毛熙彦,ZHANG PENG,居阳,王腊春,李升峰,杨龙,吴谋松,张捷,张瀚之,张红艳",自由时间  3-4周 自由地点,2.0,地理与海洋科学学院,否,实践类课程,自由时间,2025-2026-3,,2025202631604051001,"2024地理与海洋科学学院海洋科学,2024地理与海洋科学学院地理信息科学,2024地理与海洋科学学院人文地理与城乡规划,2024地理与海洋科学学院地理科学（拔尖计划）,2024地理与海洋科学学院自然地理与资源环境",0,仙林校区,2025-2026学年 暑期,01,自由地点,0.0,否,,3,0,,120,0,地理学教学实习,,自由时间,,16040510
112.0,400200,地理学创新实习01班,2025202631604082001,,3,,0,3-4周,2,揣小伟,自由时间  3-4周 自由地点,2.0,地理与海洋科学学院,否,实践类课程,自由时间,2025-2026-3,,2025202631604082001,,0,仙林校区,2025-2026学年 暑期,01,自由地点,0.0,否,,3,0,,112,0,地理学创新实习,,自由时间,,16040820
112.0,400200,地理科学区域认知实习01班,20252026316040970S01,,3,,0,3-4周,2,"徐志伟,居阳",自由时间  3-4周 自由地点,2.0,地理与海洋科学学院,否,实践类课程,自由时间,2025-2026-3,,20252026316040970S01,,,仙林校区,2025-2026学年 暑期,01,自由地点,0.0,,,3,0,,112,0,地理科学区域认知实习,,自由时间,,16040970S
32.0,400200,青年科学家长三角国际科研项目-地理环境与全球变化01班,2025202631604101001,,3,,12,1-4周,2,"马春梅,胡镕,杨龙,于谦,吴谋松,张红艳",自由时间  1-4周 自由地点,1.0,地理与海洋科学学院,否,理论+实践课程,自由时间,2025-2026-3,,2025202631604101001,,0,仙林校区,2025-2026学年 暑期,01,自由地点,12.0,否,,5,10,,10,0,青年科学家长三角国际科研项目-地理环境与全球变化,,自由时间,,16041010
112.0,400200,中俄贝加尔湖大地学科考与科研训练01班,20252026316041020S01,,3,,23,3-4周,2,"张永战,王玮",自由时间  3-4周 自由地点,1.0,地理与海洋科学学院,否,实践类课程,自由时间,2025-2026-3,,20252026316041020S01,,,仙林校区,2025-2026学年 暑期,01,自由地点,0.0,,,3,0,,112,0,中俄贝加尔湖大地学科考与科研训练,,自由时间,,16041020S
16.0,400210,大气科学专业英语01班,2025202631701043001,,3,,0,1周,1,"蒋益荃,王淑瑜",自由时间  1周 预报台丙506,1.0,大气科学学院,否,理论+实践课程,自由时间,2025-2026-3,,2025202631701043001,"2023大气科学学院大气科学（拔尖计划）,2023大气科学学院应用气象学,2023大气科学学院大气科学",0,仙林校区,2025-2026学年 暑期,01,预报台丙506,0.0,否,,5,10,,6,0,大气科学专业英语,,自由时间,,17010430
56.0,400210,大气与地球系统综合实习01班,2025202631701047001,,3,,21,1周,2,"郭维栋,丁家琛,刘岩",自由时间  1周 黄河源区，大湾区,1.0,大气科学学院,否,实践类课程,自由时间,2025-2026-3,,2025202631701047001,"2023大气科学学院大气科学（拔尖计划）,2023大气科学学院应用气象学,2023大气科学学院大气科学",0,仙林校区,2025-2026学年 暑期,01,黄河源区，大湾区,0.0,否,,3,0,,56,0,大气与地球系统综合实习,,自由时间,,17010470
64.0,400210,大气科学综合实验（上）01班,2025202631701085001,,3,,70,1周,2,"张宁,王亦平,黄浩,杨正玮,朱延年,彭珍,丁家琛,傅豪",自由时间  1周 大气学院，预报台等地方,2.0,大气科学学院,否,实验类课程,自由时间,2025-2026-3,,2025202631701085001,"2024大气科学学院大气科学类,2024大气科学学院大气科学,2024大气科学学院大气科学（拔尖计划）",0,仙林校区,2025-2026学年 暑期,01,大气学院，预报台等地方,64.0,否,,2,0,,0,0,大气科学综合实验（上）,,自由时间,,17010850
32.0,400210,青年科学家长三角国际科研项目-大气与地球系统科学01班,20252026317011020T01,,3,,5,1周,1,"陈辉林,袁慧玲",自由时间  1周 导师办公室,1.0,大气科学学院,否,实验类课程,自由时间,2025-2026-3,,20252026317011020T01,2023大气科学学院大气科学,0,仙林校区,2025-2026学年 暑期,01,导师办公室,12.0,否,,2,8,,12,0,青年科学家长三角国际科研项目-大气与地球系统科学,,自由时间,,17011020T
64.0,400210,中挪极地气候与环境科考与科研训练项目01班,2025202631701104001,,3,,15,4周,1,"孙旭光,张洋,胡海波,陶丹丹",自由时间  4周 挪威卑尔根,1.0,大气科学学院,否,理论+实践课程,自由时间,2025-2026-3,,2025202631701104001,"2023大气科学学院大气科学（拔尖计划）,2023大气科学学院大气科学",0,仙林校区,2025-2026学年 暑期,01,挪威卑尔根,0.0,否,,5,8,,56,0,中挪极地气候与环境科考与科研训练项目,,自由时间,,17011040
16.0,400210,大气科学探索实验01班,20252026317011110S01,,3,,34,2周,1,"浦云娇,丁家琛,顾剑峰,黄浩,傅豪,彭启华",自由时间  2周 大气楼、预报台等,1.0,大气科学学院,否,实践类课程,自由时间,2025-2026-3,,20252026317011110S01,"2025大气科学学院大气科学类,2025大气科学学院大气科学,2025大气科学学院大气科学（拔尖计划）",0,仙林校区,2025-2026学年 暑期,01,大气楼、预报台等,2.0,否,,3,2,,12,0,大气科学探索实验,,自由时间,,17011110S
32.0,400160,工装实验01班,20252026318001200T01,,3,,21,4周,1,"司峻峰,陈瞻",自由时间  4周 仙林校区电子实验中心基础实验楼丙409，上课时间：2026.7.27-8.2。上课详情请与电子信息专业实验教学中心司峻峰老师联系（13851701699， sijunfeng@nju.edu.cn>; ）,1.0,电子科学与工程学院,否,实践类课程,自由时间,2025-2026-3,,20252026318001200T01,"2025电子科学与工程学院通信工程,2025电子科学与工程学院微电子科学与工程,2025电子科学与工程学院电子信息类,2025电子科学与工程学院集成电路设计与集成系统（英才班）,2025电子科学与工程学院电子信息科学与技术",0,仙林校区,2025-2026学年 暑期,01,仙林校区电子实验中心基础实验楼丙409，上课时间：2026.7.27-8.2。上课详情请与电子信息专业实验教学中心司峻峰老师联系（13851701699， sijunfeng@nju.edu.cn>; ）,24.0,否,,3,8,,0,0,工装实验,,自由时间,,18001200T
48.0,400160,数据通信网络基础01班,2025202631800141001,,3,,3,2-3周,1,陈相宁,自由时间  2-3周 时间：7.13-7.21；地点：基础实验楼丙409，联系人：陈相宁：13776669282，shining@nju.edu.cn,2.0,电子科学与工程学院,否,理论+实验课程,自由时间,2025-2026-3,,2025202631800141001,"2024电子科学与工程学院集成电路设计与集成系统（英才班）,2024电子科学与工程学院电子信息科学与技术,2024电子科学与工程学院通信工程,2024电子科学与工程学院微电子科学与工程",0,仙林校区,2025-2026学年 暑期,01,时间：7.13-7.21；地点：基础实验楼丙409，联系人：陈相宁：13776669282，shining@nju.edu.cn,24.0,否,,6,24,,0,0,数据通信网络基础,,自由时间,,18001410
96.0,400160,集成电路与先进制造国际科考01班,2025202631800147001,,3,,26,1-4周,0,"贾小氢,刘斌,孔令红,窦蓉蓉,傅玉祥",自由时间  1-4周 总计96学时（实践） 选修，线上课程8次，线下课程赴国外合作高校2周，线上：7月底-8月初；线下：8/10-8/24剑桥大学，联系人：窦蓉蓉老师（18052021836， esedrr@nju.edu.cn）,1.0,电子科学与工程学院,否,实践类课程,自由时间,2025-2026-3,,2025202631800147001,"2023电子科学与工程学院通信工程,2024电子科学与工程学院电子信息科学与技术,2024电子科学与工程学院通信工程,2023集成电路学院集成电路设计与集成系统,2024电子科学与工程学院微电子科学与工程,2023电子科学与工程学院集成电路设计与集成系统（英才班）,2024集成电路学院集成电路设计与集成系统,2024电子科学与工程学院集成电路设计与集成系统（英才班）,2023电子科学与工程学院微电子科学与工程,2023电子科学与工程学院电子信息科学与技术",0,仙林校区,2025-2026学年 暑期,01,总计96学时（实践） 选修，线上课程8次，线下课程赴国外合作高校2周，线上：7月底-8月初；线下：8/10-8/24剑桥大学，联系人：窦蓉蓉老师（18052021836， esedrr@nju.edu.cn）,0.0,否,,3,0,,96,0,集成电路与先进制造国际科考,,自由时间,,18001470
40.0,400160,嵌入式系统实践01班,2025202631800150001,,3,,7,1周,1,陈相宁,自由时间  1周 基础实验楼丙418，联系人：陈相宁：13776669282，shining@nju.edu.cn,2.0,电子科学与工程学院,否,理论+实验课程,自由时间,2025-2026-3,,2025202631800150001,"2024电子科学与工程学院集成电路设计与集成系统（英才班）,2024电子科学与工程学院电子信息科学与技术,2024电子科学与工程学院通信工程,2024电子科学与工程学院微电子科学与工程",0,仙林校区,2025-2026学年 暑期,01,基础实验楼丙418，联系人：陈相宁：13776669282，shining@nju.edu.cn,24.0,否,,6,16,,0,0,嵌入式系统实践,,自由时间,,18001500
26.0,400800,高频电路设计与实践,20252026318001580T01,,4,,26,"1周,1周,1周,1周,1周,1周",2,姜乃卓,"周一 3-7节 1周 科创大厦A321, 周二 3-7节 1周 科创大厦A321, 周三 3-7节 1周 科创大厦A321, 周四 3-7节 1周 科创大厦A321, 周五 5-7节 1周 科创大厦A321, 周六 3-5节 1周 科创大厦A321",1.0,集成电路学院,否,理论+实验课程,"周一,周二,周三,周四,周五,周六",2025-2026-3,,20252026318001580T01,2024集成电路学院集成电路设计与集成系统,0,苏州校区,2025-2026学年 暑期,01,"科创大厦A321,科创大厦A321,科创大厦A321,科创大厦A321,科创大厦A321,科创大厦A321",18.0,否,,6,8,,0,0,高频电路设计与实践,,"第3节-第7节,第3节-第7节,第3节-第7节,第3节-第7节,第5节-第7节,第3节-第5节",,18001580T
56.0,400160,电子系统初级设计01班,2025202631800175001,,1,,45,1周,1,"葛中芹,戚海峰",自由时间  1周 时间：7月12日-7月18日；地点：仙林校区基础实验楼丙415 详情请与电子信息专业实验教学中心葛中芹老师联系（13739195659 zqge@nju.edu.cn ）,2.0,电子科学与工程学院,否,理论+实验课程,自由时间,2025-2026-3,,2025202631800175001,"2025电子科学与工程学院通信工程,2025电子科学与工程学院微电子科学与工程,2025电子科学与工程学院电子信息类,2025电子科学与工程学院集成电路设计与集成系统（英才班）,2025电子科学与工程学院电子信息科学与技术",0,鼓楼校区,2025-2026学年 暑期,01,时间：7月12日-7月18日；地点：仙林校区基础实验楼丙415 详情请与电子信息专业实验教学中心葛中芹老师联系（13739195659 zqge@nju.edu.cn ）,30.0,否,,6,26,,0,0,电子系统初级设计,,自由时间,,18001750
36.0,400160,数字图像处理及FPGA实现01班,2025202631801104001,,3,,24,1周,1,"陈艺,李杨",自由时间  1周 2026年7月6日-7月11日。基础实验楼丙413，联系人：陈艺   cy519@nju.edu.cn ; 17714399983,2.0,电子科学与工程学院,否,理论+实验课程,自由时间,2025-2026-3,,2025202631801104001,"2023电子科学与工程学院通信工程,2024电子科学与工程学院电子信息科学与技术,2024电子科学与工程学院通信工程,2024电子科学与工程学院微电子科学与工程,2023电子科学与工程学院集成电路设计与集成系统（英才班）,2024电子科学与工程学院集成电路设计与集成系统（英才班）,2023电子科学与工程学院微电子科学与工程,2023电子科学与工程学院电子信息科学与技术",0,仙林校区,2025-2026学年 暑期,01,2026年7月6日-7月11日。基础实验楼丙413，联系人：陈艺   cy519@nju.edu.cn ; 17714399983,24.0,否,,6,12,,0,0,数字图像处理及FPGA实现,,自由时间,,18011040
175.0,400160,青年科学家长三角国际科研项目-神经形态电子学01班,20252026318060430S01,,3,,2,1-4周,0,万昌锦,自由时间  1-4周 暑校2026年6月29日至7月31日  ，7h/天 上5周，共175课时，潘忠来楼318 ，万老师 18115623778,1.0,电子科学与工程学院,否,实践类课程,自由时间,2025-2026-3,,20252026318060430S01,"2025电子科学与工程学院通信工程,2025电子科学与工程学院微电子科学与工程,2025电子科学与工程学院电子信息类,2025电子科学与工程学院集成电路设计与集成系统（英才班）,2025电子科学与工程学院电子信息科学与技术",0,仙林校区,2025-2026学年 暑期,01,暑校2026年6月29日至7月31日  ，7h/天 上5周，共175课时，潘忠来楼318 ，万老师 18115623778,0.0,否,,3,0,,175,0,青年科学家长三角国际科研项目-神经形态电子学,,自由时间,,18060430S
16.0,400160,奔赴计划—高灵敏光电器件与应用01班,20252026318060460S01,,3,,20,"3周,3周",1,"贾小氢,刘斌,王华兵,陶涛,蔡青,徐尉宗,王昊,吕阳阳","自由时间  3周 拟八月下旬，具体请咨询联系人：陶涛13805195167   ttao@nju.edu.cn、吕阳阳  13770514176  yylyu@nju.edu.cn  上课地点： 1.中国科学院半导体研究所（北京市海淀区清华东路甲35号（林大北路中段）） 2.中国科学院上海微系统与信息技术研究所（上海市长宁区长宁路865号）, 自由时间  3周 拟八月下旬，具体请咨询联系人：陶涛13805195167   ttao@nju.edu.cn、吕阳阳  13770514176  yylyu@nju.edu.cn  上课地点： 1.中国科学院半导体研究所（北京市海淀区清华东路甲35号（林大北路中段）） 2.中国科学院上海微系统与信息技术研究所（上海市长宁区长宁路865号）",1.0,电子科学与工程学院,否,实践类课程,"自由时间,自由时间",2025-2026-3,,20252026318060460S01,"2023电子科学与工程学院通信工程,2024物理学院应用物理学,2024现代工程与应用科学学院材料物理,2024现代工程与应用科学学院光电信息科学与工程,2024物理学院物理学（拔尖计划）,2024现代工程与应用科学学院生物医学工程,2024电子科学与工程学院电子信息科学与技术,2024物理学院物理学,2024电子科学与工程学院通信工程,2024匡亚明学院理科强化班,2024电子科学与工程学院微电子科学与工程,2024物理学院声学,2023电子科学与工程学院集成电路设计与集成系统（英才班）,2024电子科学与工程学院集成电路设计与集成系统（英才班）,2024物理学院物理学（强基计划）,2023电子科学与工程学院微电子科学与工程,2023物理学院声学,2023物理学院应用物理学,2023现代工程与应用科学学院材料物理,2023现代工程与应用科学学院光电信息科学与工程,2023物理学院物理学（拔尖计划）,2023物理学院物理学（强基计划）,2023匡亚明学院理科强化班,2023现代工程与应用科学学院生物医学工程,2023电子科学与工程学院电子信息科学与技术,2023物理学院物理学",0,仙林校区,2025-2026学年 暑期,01,"拟八月下旬，具体请咨询联系人：陶涛13805195167   ttao@nju.edu.cn、吕阳阳  13770514176  yylyu@nju.edu.cn  上课地点： 1.中国科学院半导体研究所（北京市海淀区清华东路甲35号（林大北路中段）） 2.中国科学院上海微系统与信息技术研究所（上海市长宁区长宁路865号）,拟八月下旬，具体请咨询联系人：陶涛13805195167   ttao@nju.edu.cn、吕阳阳  13770514176  yylyu@nju.edu.cn  上课地点： 1.中国科学院半导体研究所（北京市海淀区清华东路甲35号（林大北路中段）） 2.中国科学院上海微系统与信息技术研究所（上海市长宁区长宁路865号）",0.0,否,,3,4,,12,0,奔赴计划—高灵敏光电器件与应用,,"自由时间,自由时间",,18060460S
80.0,400160,微电子封装技术01班,2025202631808004001,,3,,29,"1周,2周",0,周玉刚,"自由时间  1周 7月6日~7月12日：实践，学生实践基地（江苏长电科技有限责任公司（江阴）），长电师资团队，, 自由时间  2周 7月5日，7月13日-7月17日仙林校区，7月20 考试。   电子楼123室",4.0,电子科学与工程学院,否,理论+实践课程,"自由时间,自由时间",2025-2026-3,,2025202631808004001,2024电子科学与工程学院集成电路设计与集成系统（英才班）,0,仙林校区,2025-2026学年 暑期,01,"7月6日~7月12日：实践，学生实践基地（江苏长电科技有限责任公司（江阴）），长电师资团队，,7月5日，7月13日-7月17日仙林校区，7月20 考试。   电子楼123室",0.0,否,,5,40,,40,0,微电子封装技术,,"自由时间,自由时间",,18080040
36.0,400160,行业工程标准与规范01班,2025202631808005001,,3,,29,1周,0,窦蓉蓉,自由时间  1周 学生实践基地（江苏长电科技有限责任公司（江阴）），联系人：窦蓉蓉老师（联系方式是18052021836， esedrr@nju.edu.cn）。,2.0,电子科学与工程学院,否,理论类课程,自由时间,2025-2026-3,,2025202631808005001,2024电子科学与工程学院集成电路设计与集成系统（英才班）,0,仙林校区,2025-2026学年 暑期,01,学生实践基地（江苏长电科技有限责任公司（江阴）），联系人：窦蓉蓉老师（联系方式是18052021836， esedrr@nju.edu.cn）。,0.0,否,,1,36,,0,0,行业工程标准与规范,,自由时间,,18080050
16.0,400170,机械加工与先进制造01班,2025202631900248001,,3,,43,1周,2,"何延辉,刘飞",自由时间  1周 现工院一楼,1.0,现代工程与应用科学学院,否,实验类课程,自由时间,2025-2026-3,,2025202631900248001,"2024现代工程与应用科学学院材料化学,2024现代工程与应用科学学院光电信息科学与工程（光电技术与信息材料实验班）,2024现代工程与应用科学学院材料物理,2024现代工程与应用科学学院新能源科学与工程,2024现代工程与应用科学学院光电信息科学与工程,2024现代工程与应用科学学院生物医学工程",0,仙林校区,2025-2026学年 暑期,01,现工院一楼,15.0,否,,2,1,,0,0,机械加工与先进制造,,自由时间,,19002480
16.0,400170,机械加工与先进制造02班,2025202631900248002,,3,,36,1周,2,"李京晓,陈涵",自由时间  1周 现工院一楼,1.0,现代工程与应用科学学院,否,实验类课程,自由时间,2025-2026-3,,2025202631900248002,"2024现代工程与应用科学学院材料化学,2024现代工程与应用科学学院光电信息科学与工程（光电技术与信息材料实验班）,2024现代工程与应用科学学院材料物理,2024现代工程与应用科学学院新能源科学与工程,2024现代工程与应用科学学院光电信息科学与工程,2024现代工程与应用科学学院生物医学工程",0,仙林校区,2025-2026学年 暑期,02,现工院一楼,15.0,否,,2,1,,0,0,机械加工与先进制造,,自由时间,,19002480
32.0,400170,产业实习01班,2025202631900268001,,3,,20,1周,2,唐少春,自由时间  1周 自由地点,1.0,现代工程与应用科学学院,否,实践类课程,自由时间,2025-2026-3,,2025202631900268001,"2024现代工程与应用科学学院材料化学,2024现代工程与应用科学学院光电信息科学与工程（光电技术与信息材料实验班）,2024现代工程与应用科学学院材料物理,2024现代工程与应用科学学院新能源科学与工程,2024现代工程与应用科学学院光电信息科学与工程,2024现代工程与应用科学学院生物医学工程",0,仙林校区,2025-2026学年 暑期,01,自由地点,0.0,否,,3,0,,32,0,产业实习,,自由时间,,19002680
32.0,400170,产业实习02班,2025202631900268002,,3,,20,1周,2,郭敏,自由时间  1周 自由地点,1.0,现代工程与应用科学学院,否,实践类课程,自由时间,2025-2026-3,,2025202631900268002,"2024现代工程与应用科学学院材料化学,2024现代工程与应用科学学院光电信息科学与工程（光电技术与信息材料实验班）,2024现代工程与应用科学学院材料物理,2024现代工程与应用科学学院新能源科学与工程,2024现代工程与应用科学学院光电信息科学与工程,2024现代工程与应用科学学院生物医学工程",0,仙林校区,2025-2026学年 暑期,02,自由地点,0.0,否,,3,0,,32,0,产业实习,,自由时间,,19002680
32.0,400170,产业实习03班,2025202631900268003,,3,,12,1周,2,李世凤,自由时间  1周 自由地点,1.0,现代工程与应用科学学院,否,实践类课程,自由时间,2025-2026-3,,2025202631900268003,"2024现代工程与应用科学学院材料化学,2024现代工程与应用科学学院光电信息科学与工程（光电技术与信息材料实验班）,2024现代工程与应用科学学院材料物理,2024现代工程与应用科学学院新能源科学与工程,2024现代工程与应用科学学院光电信息科学与工程,2024现代工程与应用科学学院生物医学工程",0,仙林校区,2025-2026学年 暑期,03,自由地点,0.0,否,,3,0,,32,0,产业实习,,自由时间,,19002680
32.0,400170,产业实习04班,2025202631900268004,,3,,23,1周,2,孙安,自由时间  1周 自由地点,1.0,现代工程与应用科学学院,否,实践类课程,自由时间,2025-2026-3,,2025202631900268004,"2024现代工程与应用科学学院材料化学,2024现代工程与应用科学学院光电信息科学与工程（光电技术与信息材料实验班）,2024现代工程与应用科学学院材料物理,2024现代工程与应用科学学院新能源科学与工程,2024现代工程与应用科学学院光电信息科学与工程,2024现代工程与应用科学学院生物医学工程",0,仙林校区,2025-2026学年 暑期,04,自由地点,0.0,否,,3,0,,32,0,产业实习,,自由时间,,19002680
32.0,400170,产业实习05班,2025202631900268005,,3,,10,1周,2,陈强,自由时间  1周 自由地点,1.0,现代工程与应用科学学院,否,实践类课程,自由时间,2025-2026-3,,2025202631900268005,"2024现代工程与应用科学学院材料化学,2024现代工程与应用科学学院光电信息科学与工程（光电技术与信息材料实验班）,2024现代工程与应用科学学院材料物理,2024现代工程与应用科学学院新能源科学与工程,2024现代工程与应用科学学院光电信息科学与工程,2024现代工程与应用科学学院生物医学工程",0,仙林校区,2025-2026学年 暑期,05,自由地点,0.0,否,,3,0,,32,0,产业实习,,自由时间,,19002680
16.0,400170,青年科学家长三角国际科研项目-生物医学工程01班,20252026319003740T01,,3,,1,1-4周,2,魏辉,自由时间  1-4周 自由地点,1.0,现代工程与应用科学学院,否,实验类课程,自由时间,2025-2026-3,,20252026319003740T01,2024现代工程与应用科学学院生物医学工程,0,仙林校区,2025-2026学年 暑期,01,自由地点,10.0,否,,2,4,,2,0,青年科学家长三角国际科研项目-生物医学工程,,自由时间,,19003740T
50.0,400170,全球科考01班,20252026319003850S01,,3,,19,1-2周,1,"何平,刘一杰",自由时间  1-2周 西班牙,1.0,现代工程与应用科学学院,否,实践类课程,自由时间,2025-2026-3,,20252026319003850S01,2024现代工程与应用科学学院新能源科学与工程,0,仙林校区,2025-2026学年 暑期,01,西班牙,0.0,否,,3,20,,30,0,全球科考,,自由时间,,19003850S
72.0,400180,金工实习01班,2025202632003027001,,3,,32,1-4周,2,"胡海冬,赵瑜",自由时间  1-4周 由任课教师通知,2.0,环境学院,否,实践类课程,自由时间,2025-2026-3,,2025202632003027001,"2024环境学院环境工程,2024环境学院环境科学与工程类（环境与健康实验班）",0,仙林校区,2025-2026学年 暑期,01,由任课教师通知,0.0,否,,3,0,,72,0,金工实习,,自由时间,,20030270
72.0,400180,生产实习01班,2025202632005001001,,3,,22,1-4周,2,施鹏,自由时间  1-4周 由任课教师通知,2.0,环境学院,否,实践类课程,自由时间,2025-2026-3,,2025202632005001001,"2023环境学院环境工程,2023环境学院环境科学与工程类（环境与健康实验班）",0,仙林校区,2025-2026学年 暑期,01,由任课教师通知,0.0,否,,3,0,,72,0,生产实习,,自由时间,,20050010
72.0,400180,生产实习02班,2025202632005001002,,3,,25,1-4周,2,"俞协治,韦斯",自由时间  1-4周 由任课教师通知,2.0,环境学院,否,实践类课程,自由时间,2025-2026-3,,2025202632005001002,"2023环境学院环境科学与工程类（环境与健康实验班）,2023环境学院环境科学",0,仙林校区,2025-2026学年 暑期,02,由任课教师通知,0.0,否,,3,0,,72,0,生产实习,,自由时间,,20050010
72.0,400180,生产实习03班,2025202632005001003,,3,,15,1-4周,2,"孙平,柏益尧",自由时间  1-4周 由任课教师通知,2.0,环境学院,否,实践类课程,自由时间,2025-2026-3,,2025202632005001003,"2023环境学院环境科学（环规）,2023环境学院环境科学与工程类（环境与健康实验班）",0,仙林校区,2025-2026学年 暑期,03,由任课教师通知,0.0,否,,3,0,,72,0,生产实习,,自由时间,,20050010
32.0,400180,青年科学家长三角国际科研项目-环境科学01班,20252026320080220T01,,3,,5,1-4周,2,"谷成,瞿晓磊,伍孟雄,季荣",自由时间  1-4周 任课教师安排,1.0,环境学院,否,实验类课程,自由时间,2025-2026-3,,20252026320080220T01,,0,仙林校区,2025-2026学年 暑期,01,任课教师安排,32.0,否,,2,0,,0,0,青年科学家长三角国际科研项目-环境科学,,自由时间,,20080220T
72.0,400180,“全球大气污染的生态环境效应”中挪暑期学校01班,2025202632008023001,,3,,9,1-4周,1,"赵瑜,余倩,张磊",自由时间  1-4周 由任课教师通知,1.0,环境学院,否,理论+实践课程,自由时间,2025-2026-3,,2025202632008023001,"2023环境学院环境科学（环规）,2023环境学院环境科学与工程类（环境与健康实验班）,2023环境学院环境工程",0,仙林校区,2025-2026学年 暑期,01,由任课教师通知,12.0,否,,5,12,,48,0,中挪“全球大气污染的生态环境效应”全球科考与科研训练项目,,自由时间,,20080230
32.0,400180,传感器设计组装与物联系统构建01班,20252026320080250S01,,3,,0,3-4周,1,李文涛,自由时间  3-4周 任课教师安排,2.0,环境学院,否,实践类课程,自由时间,2025-2026-3,,20252026320080250S01,"2024环境学院环境工程,2024环境学院环境科学与工程类（环境与健康实验班）",0,仙林校区,2025-2026学年 暑期,01,任课教师安排,0.0,否,,3,12,,20,0,传感器设计组装与物联系统构建,,自由时间,,20080250S
32.0,400130,IDL-Python在天文与空间科学中的应用01班,2025202632101036002,,3,,8,"1-2周,1-2周,1-2周,1-2周,1-2周",2,"彭志欣,郭洋","周一 2-4节 1-2周 天文学院222教室, 周二 2-4节 1-2周 天文学院222教室, 周三 2-4节 1-2周 天文学院222教室, 周四 2-4节 1-2周 天文学院222教室, 周五 2-4节 1-2周 天文学院222教室",2.0,天文与空间科学学院,否,理论+实践课程,"周一,周二,周三,周四,周五",2025-2026-3,,2025202632101036002,"2023天文与空间科学学院天文学（天体物理学方向）,2025天文与空间科学学院天文学（拔尖计划）,2024天文与空间科学学院物理学（天体物理学方向）（强基计划）,2024天文与空间科学学院天文学（天体测量与天体力学方向）,2024天文与空间科学学院天文学（天体物理学方向）,2024天文与空间科学学院空间科学与技术,2025天文与空间科学学院天文学,2025天文与空间科学学院物理学（天体物理学方向）（强基计划）,2024天文与空间科学学院物理学（天体物理学方向）,2023天文与空间科学学院空间科学与技术,2023天文与空间科学学院天文学（天体测量与天体力学方向）",0,仙林校区,2025-2026学年 暑期,02,"天文学院222教室,天文学院222教室,天文学院222教室,天文学院222教室,天文学院222教室",0.0,否,,5,16,,16,0,IDL-Python在天文与空间科学中的应用,,"第2节-第4节,第2节-第4节,第2节-第4节,第2节-第4节,第2节-第4节",,21010360
16.0,400130,青年科学家长三角国际科研项目-天文学01班,20252026321010720T01,,3,,10,1-4周,2,"张曾华,彭志欣,张彬彬",自由时间  1-4周 天文学院524教室,1.0,天文与空间科学学院,否,实验类课程,自由时间,2025-2026-3,,20252026321010720T01,"2023天文与空间科学学院天文学（天体物理学方向）,2025天文与空间科学学院天文学（拔尖计划）,2024天文与空间科学学院物理学（天体物理学方向）（强基计划）,2024天文与空间科学学院天文学（天体测量与天体力学方向）,2024天文与空间科学学院天文学（天体物理学方向）,2025天文与空间科学学院天文学,2025天文与空间科学学院物理学（天体物理学方向）（强基计划）,2024天文与空间科学学院物理学（天体物理学方向）,2023天文与空间科学学院天文学（天体测量与天体力学方向）",0,仙林校区,2025-2026学年 暑期,01,天文学院524教室,10.0,否,,2,4,,2,0,青年科学家长三角国际科研项目-天文学,,自由时间,,21010720T
16.0,400130,追光之旅-- 基于全球光学望远镜BOOTES对伽马射线暴的观测与研究01班,20252026321010730S01,,3,,10,1-4周,0,"张曾华,张彬彬,彭志欣",自由时间  1-4周 天文学院524教室,1.0,天文与空间科学学院,否,实践类课程,自由时间,2025-2026-3,,20252026321010730S01,"2023天文与空间科学学院天文学（天体物理学方向）,2025天文与空间科学学院天文学（拔尖计划）,2024天文与空间科学学院物理学（天体物理学方向）（强基计划）,2024天文与空间科学学院天文学（天体测量与天体力学方向）,2024天文与空间科学学院天文学（天体物理学方向）,2025天文与空间科学学院天文学,2025天文与空间科学学院物理学（天体物理学方向）（强基计划）,2024天文与空间科学学院物理学（天体物理学方向）,2023天文与空间科学学院天文学（天体测量与天体力学方向）",0,仙林校区,2025-2026学年 暑期,01,天文学院524教室,0.0,否,,3,6,,10,0,追光之旅-- 基于全球光学望远镜BOOTES对伽马射线暴的观测与研究,,自由时间,,21010730S
32.0,400130,天文统计入门01班,2025202632101074001,,3,,4,"1-2周,1-2周,1-2周,2周,1周,1周,2周",2,"袁珍,Nicolas Martin","周二 5-7节 1-2周 天文学院222教室, 周三 5-7节 1-2周 天文学院222教室, 周四 5-7节 1-2周 天文学院222教室, 周五 5-7节 1周 天文学院222教室, 周六 5-8节 1周 天文学院222教室, 周一 5-7节 2周 天文学院222教室, 周五 5-8节 2周 天文学院222教室",2.0,天文与空间科学学院,否,理论+实践课程,"周二,周三,周四,周一,周五,周六,周五",2025-2026-3,,2025202632101074001,"2023天文与空间科学学院天文学（天体物理学方向）,2025天文与空间科学学院天文学（拔尖计划）,2024天文与空间科学学院物理学（天体物理学方向）（强基计划）,2024天文与空间科学学院天文学（天体测量与天体力学方向）,2024天文与空间科学学院天文学（天体物理学方向）,2024天文与空间科学学院空间科学与技术,2025天文与空间科学学院天文学,2025天文与空间科学学院物理学（天体物理学方向）（强基计划）,2024天文与空间科学学院物理学（天体物理学方向）,2023天文与空间科学学院空间科学与技术,2023天文与空间科学学院天文学（天体测量与天体力学方向）",0,仙林校区,2025-2026学年 暑期,01,"天文学院222教室,天文学院222教室,天文学院222教室,天文学院222教室,天文学院222教室,天文学院222教室,天文学院222教室",0.0,否,,5,18,,14,0,天文统计入门,,"第5节-第7节,第5节-第7节,第5节-第7节,第5节-第7节,第5节-第7节,第5节-第8节,第5节-第8节",,21010740
100.0,400150,ACM/ICPC程序设计01班,2025202632201104001,,3,,4,1-4周,2,马骏,自由时间  1-4周 基础实验楼乙区121,1.0,计算机学院,否,实践类课程,自由时间,2025-2026-3,,2025202632201104001,"2025计算机学院计算机科学与技术,2025计算机学院计算机科学与技术（拔尖计划）",0,仙林校区,2025-2026学年 暑期,01,基础实验楼乙区121,0.0,否,,3,0,,100,0,ACM/ICPC程序设计,,自由时间,,22011040
32.0,400230,青年科学家长三角国际科研项目-医学遗传分析01班,2025202632303027001,,1,,5,1-4周,1,"李宽钰,王婷婷",自由时间  1-4周 化学楼4楼会议室,1.0,医学院,否,理论+实验课程,自由时间,2025-2026-3,,2025202632303027001,2024医学院临床医学,0,鼓楼校区,2025-2026学年 暑期,01,化学楼4楼会议室,16.0,否,,6,10,,6,0,青年科学家长三角国际科研项目-医学遗传分析,,自由时间,,23030270
16.0,400250,基础学科前沿研究01班,2025202632402004101,,1,,78,1周,2,"董昊,吴婷,肖明文,黄卫华",自由时间  1周 自由地点,1.0,匡亚明学院,否,理论类课程,自由时间,2025-2026-3,,2025202632402004101,2025匡亚明学院理科强化班,0,鼓楼校区,2025-2026学年 暑期,01,自由地点,0.0,否,,1,16,,0,0,基础学科前沿研究,,自由时间,,24020041
32.0,400250,交叉学科前沿进展01班,2025202632402006001,,1,,36,1周,1,董昊,自由时间  1周,1.0,匡亚明学院,否,理论类课程,自由时间,2025-2026-3,,2025202632402006001,2024匡亚明学院理科强化班,0,鼓楼校区,2025-2026学年 暑期,01,无,0.0,否,,1,32,,0,0,交叉学科前沿进展,,自由时间,,24020060
28.0,400250,中北欧碳中和科考与科研训练01班,20252026324020240S01,,3,,0,1-3周,1,董昊,自由时间  1-3周 自由地点,1.0,匡亚明学院,否,实践类课程,自由时间,2025-2026-3,,20252026324020240S01,,,仙林校区,2025-2026学年 暑期,01,自由地点,8.0,,,3,4,,16,0,中北欧碳中和科考与科研训练,,自由时间,,24020240S
32.0,400250,青年科学家长三角国际科研项目-高性能分子模拟01班,2025202632402025001,,3,,2,1-4周,0,董昊,自由时间  1-4周,1.0,匡亚明学院,否,理论类课程,自由时间,2025-2026-3,,2025202632402025001,,0,仙林校区,2025-2026学年 暑期,01,无,16.0,否,,1,16,,0,0,青年科学家长三角国际科研项目-高性能分子模拟,,自由时间,,24020250
36.0,400250,英国爱丁堡大学可持续工程科考与科研训练01班,20252026324020320S01,,3,,0,1-3周,1,"胡晶磊,周媛",自由时间  1-3周 自由地点,1.0,匡亚明学院,否,实践类课程,自由时间,2025-2026-3,,20252026324020320S01,,,仙林校区,2025-2026学年 暑期,01,自由地点,8.0,,,3,4,,24,0,英国爱丁堡大学可持续工程科考与科研训练,,自由时间,,24020320S
20.0,400270,Linux系统基础01班,2025202632501121001,,1,,68,"2周,2周,2周,2周,2周,2周,2周,2周",2,陈健,"周四 2-4节 2周 教201, 周四 5-6节 2周 教201, 周五 2-4节 2周 教201, 周五 5-6节 2周 教201, 周六 2-4节 2周 教201, 周六 5-6节 2周 教201, 周日 5-6节 2周 教201, 周日 2-4节 2周 教201",1.0,软件学院,否,理论类课程,"周四,周四,周五,周五,周六,周六,周日,周日",2025-2026-3,,2025202632501121001,"2025软件学院软件工程（至诚班）,2025软件学院软件工程",0,鼓楼校区,2025-2026学年 暑期,01,"教201,教201,教201,教201,教201,教201,教201,教201",8.0,否,,1,12,,0,0,Linux系统基础,1,"第2节-第4节,第5节-第6节,第2节-第4节,第5节-第6节,第2节-第4节,第5节-第6节,第2节-第4节,第5节-第6节",教学楼,25011210
20.0,400270,Web 开发01班,2025202632501144001,,1,,81,"1周,1周,1周,2周,2周,2周,2周",0,章许帆,"周五 3-6节 1周 教202, 周六 3-6节 1周 教202, 周日 3-6节 1周 教202, 周一 3-4节 2周 教202, 周一 5-6节 2周 教202, 周二 3-4节 2周 教202, 周二 5-6节 2周 教202",1.0,软件学院,否,理论+实践课程,"周五,周六,周日,周一,周一,周二,周二",2025-2026-3,,2025202632501144001,"2025软件学院软件工程（至诚班）,2025软件学院软件工程",0,鼓楼校区,2025-2026学年 暑期,01,"教202,教202,教202,教202,教202,教202,教202",8.0,否,,5,12,,0,0,Web 开发,1,"第3节-第6节,第3节-第6节,第3节-第6节,第3节-第4节,第5节-第6节,第3节-第4节,第5节-第6节",教学楼,25011440
64.0,400270,AI创意原型夏令营01班,20252026325011530S01,,1,,42,"1周,1周,1周,1周,2周,2周,2周,2-4周",2,"房春荣,刘钦,赵凤山,冯奕","周四 2-7节 1周 费B-201, 周五 2-7节 1周 费B-201, 周六 5-7节 1周 费B-201, 周日 5-7节 1周 费B-201, 自由时间  2-4周 自由地点, 周一 5-7节 2周 费B-201, 周二 5-7节 2周 费B-201, 周三 5-7节 2周 费B-201",2.0,软件学院,否,实践类课程,"周四,周五,周六,周日,周一,周二,周三,自由时间",2025-2026-3,,20252026325011530S01,"2025商学院软件工程（软工商业创新班）,2025商学院软件工程（软工经济创新班）",0,鼓楼校区,2025-2026学年 暑期,01,"费B-201,费B-201,费B-201,费B-201,费B-201,费B-201,费B-201,自由地点",0.0,否,,3,0,,64,0,AI创意原型夏令营,31,"第2节-第7节,第2节-第7节,第5节-第7节,第5节-第7节,第5节-第7节,第5节-第7节,第5节-第7节,自由时间",费彝民楼,25011530S
16.0,400270,基于云原生技术的软件开发01班,2025202632502022001,,1,,37,"1周,1周,1周,2周",0,王天青,"周五 3-6节 1周 教101, 周六 3-6节 1周 教101, 周日 3-6节 1周 教101, 周一 3-6节 2周 教101",1.0,软件学院,否,理论类课程,"周五,周六,周日,周一",2025-2026-3,,2025202632502022001,"2023软件学院软件工程,2024软件学院软件工程",0,鼓楼校区,2025-2026学年 暑期,01,"教101,教101,教101,教101",0.0,否,,1,16,,0,0,基于云原生技术的软件开发,1,"第3节-第6节,第3节-第6节,第3节-第6节,第3节-第6节",教学楼,25020220
16.0,400270,飞腾教育开发板实训01班,2025202632502026001,,1,,8,"1周,2周,2周,2周",0,张有志,"周日 3-6节 1周 蒙民伟楼602, 周一 3-6节 2周 蒙民伟楼602, 周二 3-6节 2周 蒙民伟楼602, 周三 3-6节 2周 蒙民伟楼602",1.0,软件学院,否,理论+实验课程,"周日,周一,周二,周三",2025-2026-3,,2025202632502026001,2024软件学院软件工程,0,鼓楼校区,2025-2026学年 暑期,01,"蒙民伟楼602,蒙民伟楼602,蒙民伟楼602,蒙民伟楼602",8.0,否,,6,8,,0,0,飞腾教育开发板实训,,"第3节-第6节,第3节-第6节,第3节-第6节,第3节-第6节",,25020260
16.0,400270,大型现代软件工程实践01班,2025202632502029001,,1,,3,"2周,2周,2周,2周,2周",2,"徐亚平,何铁科","周三 2-4节 2周 费彝民楼B-820, 周四 2-4节 2周 费彝民楼B-820, 周五 2-4节 2周 费彝民楼B-820, 周六 2-4节 2周 费彝民楼B-820, 周日 1-4节 2周 费彝民楼B-820",1.0,软件学院,否,理论类课程,"周三,周四,周五,周六,周日",2025-2026-3,,2025202632502029001,"2023软件学院软件工程,2024软件学院软件工程",0,鼓楼校区,2025-2026学年 暑期,01,"费彝民楼B-820,费彝民楼B-820,费彝民楼B-820,费彝民楼B-820,费彝民楼B-820",0.0,否,,1,16,,0,0,大型现代软件工程实践,,"第2节-第4节,第2节-第4节,第2节-第4节,第2节-第4节,第1节-第4节",,25020290
21.0,400270,智能化软件工程师训练营01班,2025202632502030001,,1,,98,"1周,1周,1周,1周,1周,1周,1周",2,"李宣东,邵栋,刘钦,赵凤山,杨岚心,刘嘉","自由时间  1周 自由地点, 周一 3-4节 1周 教120, 周一 5-7节 1周 教120, 周二 5-7节 1周 教120, 周二 2-4节 1周 教120, 周三 2-4节 1周 教120, 周三 5-7节 1周 教120",1.0,软件学院,否,理论类课程,"周一,周一,周二,周三,周二,周三,自由时间",2025-2026-3,,2025202632502030001,"2025软件学院软件工程（至诚班）,2025软件学院软件工程",0,鼓楼校区,2025-2026学年 暑期,01,"教120,教120,教120,教120,教120,教120,自由地点",0.0,否,,1,11,,10,0,智能化软件工程师训练营,1,"第3节-第4节,第5节-第7节,第2节-第4节,第2节-第4节,第5节-第7节,第5节-第7节,自由时间",教学楼,25020300
21.0,400270,智能化软件工程师训练营02班,2025202632502030002,,1,,51,"1周,1周,1周,1周,1周,1周,1周",2,"李宣东,邵栋,刘钦,赵凤山,杨岚心,刘嘉","自由时间  1周 自由地点, 周一 5-7节 1周 教120, 周一 3-4节 1周 教120, 周二 5-7节 1周 教120, 周二 2-4节 1周 教120, 周三 5-7节 1周 教120, 周三 2-4节 1周 教120",1.0,软件学院,否,理论类课程,"周一,周二,周三,周一,自由时间,周二,周三",2025-2026-3,,2025202632502030002,2024软件学院软件工程,0,鼓楼校区,2025-2026学年 暑期,02,"教120,教120,教120,教120,自由地点,教120,教120",0.0,否,,1,11,,10,0,智能化软件工程师训练营,,"第3节-第4节,第2节-第4节,第2节-第4节,第5节-第7节,自由时间,第5节-第7节,第5节-第7节",,25020300
21.0,400270,智能化软件工程师训练营03班,2025202632502030003,,1,,14,"1周,1周,1周,1周,1周,1周,1周",2,"李宣东,邵栋,刘钦,赵凤山,杨岚心,刘嘉","自由时间  1周 自由地点, 周一 3-4节 1周 教120, 周一 5-7节 1周 教120, 周二 5-7节 1周 教120, 周二 2-4节 1周 教120, 周三 5-7节 1周 教120, 周三 2-4节 1周 教120",1.0,软件学院,否,理论类课程,"周一,周二,周三,周一,自由时间,周二,周三",2025-2026-3,,2025202632502030003,2023软件学院软件工程,0,鼓楼校区,2025-2026学年 暑期,03,"教120,教120,教120,教120,自由地点,教120,教120",0.0,否,,1,11,,10,0,智能化软件工程师训练营,,"第3节-第4节,第2节-第4节,第2节-第4节,第5节-第7节,自由时间,第5节-第7节,第5节-第7节",,25020300
21.0,400720,智能化软件工程师训练营04班,2025202632502030004,,4,,170,"1周,1周,1周,1周,1周,1周",2,"李宣东,邵栋,刘钦","周二 3-4节 1周 苏教C201, 周二 5-7节 1周 苏教C201, 周四 2-4节 1周 苏教C201, 周四 5-7节 1周 苏教C201, 周五 3-4节 1周 苏教C201, 周五 5-7节 1周 苏教C201",1.0,智能软件与工程学院,否,理论类课程,"周二,周二,周四,周四,周五,周五",2025-2026-3,,2025202632502030004,"2024智能软件与工程学院软件工程（智能化软件）,2023智能软件与工程学院软件工程（智能化软件）",0,苏州校区,2025-2026学年 暑期,04,"苏教C201,苏教C201,苏教C201,苏教C201,苏教C201,苏教C201",0.0,否,,1,11,,10,0,智能化软件工程师训练营,S01,"第3节-第4节,第5节-第7节,第2节-第4节,第5节-第7节,第3节-第4节,第5节-第7节",公共教学楼,25020300
32.0,400270,鸿蒙智能制造全栈应用开发实践01班,2025202632502031001,,1,,16,"1周,1周,1周,1周,1周,1周,2周,2周,2周,2周,2周,2周",2,"李杉杉,朱桂勇","周一 9-11节 1周 蒙民伟楼608, 周二 9-11节 1周 蒙民伟楼608, 周三 9-11节 1周 蒙民伟楼608, 周四 9-11节 1周 蒙民伟楼608, 周五 9-10节 1周 蒙民伟楼608, 周六 9-10节 1周 蒙民伟楼608, 周一 9-11节 2周 蒙民伟楼608, 周二 9-11节 2周 蒙民伟楼608, 周三 9-11节 2周 蒙民伟楼608, 周四 9-11节 2周 蒙民伟楼608, 周五 9-10节 2周 蒙民伟楼608, 周六 9-10节 2周 蒙民伟楼608",2.0,软件学院,否,理论+实验课程,"周一,周二,周三,周四,周五,周六,周一,周二,周三,周四,周五,周六",2025-2026-3,,2025202632502031001,"2023软件学院软件工程,2024软件学院软件工程",0,鼓楼校区,2025-2026学年 暑期,01,"蒙民伟楼608,蒙民伟楼608,蒙民伟楼608,蒙民伟楼608,蒙民伟楼608,蒙民伟楼608,蒙民伟楼608,蒙民伟楼608,蒙民伟楼608,蒙民伟楼608,蒙民伟楼608,蒙民伟楼608",22.0,否,,6,10,,0,0,鸿蒙智能制造全栈应用开发实践,,"第9节-第11节,第9节-第11节,第9节-第11节,第9节-第11节,第9节-第10节,第9节-第10节,第9节-第11节,第9节-第11节,第9节-第11节,第9节-第11节,第9节-第10节,第9节-第10节",,25020310
24.0,400270,兆信量化训练营01班,2025202632502032001,,1,,48,"1周,1周,1周,1周,2周,2周,2周",0,"耿强,刘靖,杨世翔,侯雨欣,赵凤山","周六 5-7节 1周 费B-102, 周六 2-4节 1周 费B-102, 周日 5-8节 1周 费B-102, 周日 2-4节 1周 费B-102, 周一 2-4节 2周 费B-102, 周二 2-4节 2周 费B-102, 周三 2-4节 2周 费B-102",1.0,软件学院,否,理论+实践课程,"周六,周六,周日,周日,周一,周三,周二",2025-2026-3,,2025202632502032001,"2023软件学院软件工程,2024软件学院软件工程,2025软件学院软件工程,2025软件学院软件工程（至诚班）",0,鼓楼校区,2025-2026学年 暑期,01,"费B-102,费B-102,费B-102,费B-102,费B-102,费B-102,费B-102",0.0,否,,5,8,,16,0,兆信量化训练营,31,"第2节-第4节,第5节-第7节,第2节-第4节,第5节-第8节,第2节-第4节,第2节-第4节,第2节-第4节",费彝民楼,25020320
32.0,400240,嵌入式系统设计与应用01班,2025202632702018001,,3,,13,1周,0,辛博,自由时间  1周 基础实验楼乙431,1.0,工程管理学院,否,实践类课程,自由时间,2025-2026-3,,2025202632702018001,"2024工程管理学院工业工程（智能系统集成实验班）,2024工程管理学院自动化",0,仙林校区,2025-2026学年 暑期,01,基础实验楼乙431,0.0,否,,3,0,,32,0,嵌入式系统设计与应用,,自由时间,,27020180
32.0,400240,工业工程类竞赛培训01班,20252026327030540S01,,3,,5,1周,2,"陈国华,陈虹桥,徐薇,刘慧敏,孙大鑫,王正礼,李敏",自由时间  1周 基础实验楼乙406,1.0,工程管理学院,否,实践类课程,自由时间,2025-2026-3,,20252026327030540S01,"2024工程管理学院工业工程（智能系统集成实验班）,2024工程管理学院工业工程",,仙林校区,2025-2026学年 暑期,01,基础实验楼乙406,0.0,,,3,0,,32,0,工业工程类竞赛培训,,自由时间,,27030540S
32.0,400240,控制系统综合设计01班,2025202632705014001,,3,,1,1周,2,辛博,自由时间  1周 基础实验楼乙410,1.0,工程管理学院,否,实践类课程,自由时间,2025-2026-3,,2025202632705014001,2023工程管理学院自动化,,仙林校区,2025-2026学年 暑期,01,基础实验楼乙410,0.0,,,3,0,,32,0,控制系统综合设计,,自由时间,,27050140
64.0,400280,历史建筑测绘01班,20252026329010600A01,,1,,0,3-4周,1,赵潇欣,自由时间  3-4周 自由地点,2.0,建筑与城市规划学院,否,理论+实践课程,自由时间,2025-2026-3,,20252026329010600A01,2024建筑与城市规划学院建筑类（建筑与规划实验班）,0,鼓楼校区,2025-2026学年 暑期,01,自由地点,0.0,否,,5,4,,60,0,历史建筑测绘,,自由时间,,29010600A
36.0,400280,工地实习01班,20252026329010600B01,,1,,8,1-2周,2,"吴佳维,傅筱",自由时间  1-2周 自由地点,2.0,建筑与城市规划学院,否,实践类课程,自由时间,2025-2026-3,,20252026329010600B01,2023建筑与城市规划学院建筑类（建筑与规划实验班）,0,鼓楼校区,2025-2026学年 暑期,01,自由地点,0.0,否,,3,0,,36,0,工地实习,,自由时间,,29010600B
96.0,400280,专业生产实习01班,2025202632901147001,,1,,6,1-4周,2,于涛,自由时间  1-4周 自由地点,3.0,建筑与城市规划学院,否,实践类课程,自由时间,2025-2026-3,,2025202632901147001,2024建筑与城市规划学院建筑类（建筑与规划实验班）,0,鼓楼校区,2025-2026学年 暑期,01,自由地点,0.0,否,,3,0,,96,0,专业生产实习,,自由时间,,29011470
96.0,400280,规划师业务实践01班,2025202632901148001,,1,,2,1-4周,2,于涛,自由时间  1-4周 自由地点,3.0,建筑与城市规划学院,否,实践类课程,自由时间,2025-2026-3,,2025202632901148001,2023建筑与城市规划学院建筑类（建筑与规划实验班）,0,鼓楼校区,2025-2026学年 暑期,01,自由地点,0.0,否,,3,0,,96,0,规划师业务实践,,自由时间,,29011480
32.0,400280,乡村振兴建设实践01班,2025202632901149001,,1,,1,1-4周,2,梁宇舒,自由时间  1-4周 自由地点,2.0,建筑与城市规划学院,否,实践类课程,自由时间,2025-2026-3,,2025202632901149001,2023建筑与城市规划学院建筑类（建筑与规划实验班）,0,鼓楼校区,2025-2026学年 暑期,01,自由地点,0.0,否,,3,0,,32,0,乡村振兴建设实践,,自由时间,,29011490
64.0,400280,城乡认知实习01班,2025202632902111001,,1,,26,3-4周,2,"顾宗倪,何仲禹,欧阳婉璐",自由时间  3-4周 自由地点,2.0,建筑与城市规划学院,否,实践类课程,自由时间,2025-2026-3,,2025202632902111001,"2025建筑与城市规划学院工科试验班（智慧人居实验班）,2025建筑与城市规划学院建筑类（建筑与规划实验班）",0,鼓楼校区,2025-2026学年 暑期,01,自由地点,0.0,否,,3,0,,64,0,城乡认知实习,,自由时间,,29021110
24.0,400300,人工智能工程项目开发实训01班,20252026330000700S01,,3,,8,1周,2,"赵祖威,申富饶",自由时间  1周 人工智能学院大楼A104,1.0,人工智能学院,否,实践类课程,自由时间,2025-2026-3,,20252026330000700S01,"2023人工智能学院人工智能,2024人工智能学院人工智能",0,仙林校区,2025-2026学年 暑期,01,人工智能学院大楼A104,0.0,否,,3,0,,24,0,人工智能工程项目开发实训,,自由时间,,30000700S
16.0,400300,青年科学家长三角国际科研项目+人工智能01班,20252026330000750T01,,3,,1,1-4周,2,刘达欣,自由时间  1-4周 ,1.0,人工智能学院,否,实验类课程,自由时间,2025-2026-3,,20252026330000750T01,"2023人工智能学院人工智能,2024人工智能学院人工智能",0,仙林校区,2025-2026学年 暑期,01,无,16.0,否,,2,0,,0,0,青年科学家长三角国际科研项目+人工智能,,自由时间,,30000750T
32.0,400380,大气科学综合实验01班,2025202633805001001,,4,,36,"1周,1周,1周,1周,1周,1周",2,"浦云娇,张仕鹏","周一 2-7节 1周 苏教B210, 周二 2-7节 1周 苏教B210, 周三 2-7节 1周 苏教B210, 周四 2-7节 1周 苏教B210, 周五 2-7节 1周 苏教B210, 周六 2-7节 1周 苏教B210",2.0,南京赫尔辛基大气与地球系统科学学院,否,理论+实验课程,"周一,周二,周三,周四,周五,周六",2025-2026-3,,2025202633805001001,2024南京赫尔辛基大气与地球系统科学学院大气科学（中外合作办学）,0,苏州校区,2025-2026学年 暑期,01,"苏教B210,苏教B210,苏教B210,苏教B210,苏教B210,苏教B210",0.0,否,,6,8,,24,0,大气科学综合实验,S01,"第2节-第7节,第2节-第7节,第2节-第7节,第2节-第7节,第2节-第7节,第2节-第7节",公共教学楼,38050010
32.0,400380,大气科学综合实验02班,2025202633805001002,,4,,31,"1周,1周,1周,1周,1周,1周,1周",2,"王文杰,齐西萌","周一 2-7节 1周 苏教B208, 周二 2-7节 1周 苏教B208, 周三 2-7节 1周 苏教B208, 周四 2-7节 1周 苏教B208, 周五 2-7节 1周 苏教B208, 周六 5-7节 1周 苏州市环境监测中心, 周六 2-4节 1周 苏教B208",2.0,南京赫尔辛基大气与地球系统科学学院,否,理论+实验课程,"周一,周二,周三,周四,周五,周六,周六",2025-2026-3,,2025202633805001002,2024南京赫尔辛基大气与地球系统科学学院大气科学（中外合作办学）,0,苏州校区,2025-2026学年 暑期,02,"苏教B208,苏教B208,苏教B208,苏教B208,苏教B208,苏教B208,苏州市环境监测中心",0.0,否,,6,8,,24,0,大气科学综合实验,S01,"第2节-第7节,第2节-第7节,第2节-第7节,第2节-第7节,第2节-第7节,第2节-第4节,第5节-第7节",公共教学楼,38050010
32.0,400380,大气科学综合实验03班,2025202633805001003,,4,,24,"1周,1周,1周,1周,1周,1周",2,"鄢超,越思瑶","周一 2-7节 1周 学校周边户外采样, 周二 2-7节 1周 学校周边户外采样, 周三 2-7节 1周 上海环科院, 周四 2-7节 1周 苏教B206, 周五 2-7节 1周 苏教B206, 周六 2-7节 1周 苏教B206",2.0,南京赫尔辛基大气与地球系统科学学院,否,理论+实验课程,"周一,周二,周三,周四,周五,周六",2025-2026-3,,2025202633805001003,2024南京赫尔辛基大气与地球系统科学学院大气科学（中外合作办学）,0,苏州校区,2025-2026学年 暑期,03,"学校周边户外采样,学校周边户外采样,上海环科院,苏教B206,苏教B206,苏教B206",0.0,否,,6,8,,24,0,大气科学综合实验,S01,"第2节-第7节,第2节-第7节,第2节-第7节,第2节-第7节,第2节-第7节,第2节-第7节",公共教学楼,38050010
40.0,400380,中芬赫尔辛基大气与地球系统科考与科研训练01班,20252026338130010S01,,4,,44,4周,2,鄢超,自由时间  4周 自由地点,1.0,南京赫尔辛基大气与地球系统科学学院,否,实践类课程,自由时间,2025-2026-3,,20252026338130010S01,2024南京赫尔辛基大气与地球系统科学学院大气科学（中外合作办学）,0,苏州校区,2025-2026学年 暑期,01,自由地点,0.0,否,,3,0,,40,0,中芬赫尔辛基大气与地球系统科考与科研训练,,自由时间,,38130010S
40.0,400380,中芬赫尔辛基大气与地球系统科考与科研训练02班,20252026338130010S02,,4,,10,4周,2,张仕鹏,自由时间  4周 自由地点,1.0,南京赫尔辛基大气与地球系统科学学院,否,实践类课程,自由时间,2025-2026-3,,20252026338130010S02,2024南京赫尔辛基大气与地球系统科学学院大气科学（中外合作办学）,0,苏州校区,2025-2026学年 暑期,02,自由地点,0.0,否,,3,0,,40,0,中芬赫尔辛基大气与地球系统科考与科研训练,,自由时间,,38130010S
32.0,400380,青年科学家长三角国际科研项目-大气与地球系统科学01班,20252026338130030T01,,4,,2,1-4周,1,SANDROMIGUELFERREIRAVEIGA,自由时间  1-4周 仙林校区大气科学学院实验室,1.0,南京赫尔辛基大气与地球系统科学学院,否,实验类课程,自由时间,2025-2026-3,,20252026338130030T01,2024南京赫尔辛基大气与地球系统科学学院大气科学（中外合作办学）,0,苏州校区,2025-2026学年 暑期,01,仙林校区大气科学学院实验室,12.0,否,,2,8,,12,0,青年科学家长三角国际科研项目-大气与地球系统科学,,自由时间,,38130030T
40.0,400380,中西气候系统科学科考与科研训练01班,20252026338130040S01,,4,,16,2周,2,"刘亚雯,薛廉,SANDROMIGUELFERREIRAVEIGA",自由时间  2周 自由地点,1.0,南京赫尔辛基大气与地球系统科学学院,否,实践类课程,自由时间,2025-2026-3,,20252026338130040S01,2024南京赫尔辛基大气与地球系统科学学院大气科学（中外合作办学）,0,苏州校区,2025-2026学年 暑期,01,自由地点,0.0,否,,3,0,,40,0,中西气候系统科学科考与科研训练,,自由时间,,38130040S
24.0,400290,沿着马克思的足迹继续前进国际云科考01班,2025202634300037001,,3,,15,3-4周,2,"周瑞瑞,吴家丞,刘晶月",自由时间  3-4周 自由地点,1.0,马克思主义学院,否,实践类课程,自由时间,2025-2026-3,,2025202634300037001,2024马克思主义学院马克思主义理论,0,仙林校区,2025-2026学年 暑期,01,自由地点,0.0,否,,3,0,,24,0,沿着马克思的足迹继续前进国际云科考,,自由时间,,43000370
16.0,400720,AI赋能民族音乐01班,2025202637201003001,,4,,113,"2周,2周,2周,2周,2周,2周",2,蒋智威,"周一 5-7节 2周 南雍-西311, 周一 3-4节 2周 南雍-西311, 周二 2-4节 2周 南雍-西311, 周二 5-7节 2周 南雍-西311, 周三 5-6节 2周 南雍-西311, 周三 2-4节 2周 南雍-西311",1.0,智能软件与工程学院,否,理论+实践课程,"周一,周一,周二,周二,周三,周三",2025-2026-3,,2025202637201003001,"2024智能软件与工程学院软件工程（智能化软件）,2023智能软件与工程学院软件工程（智能化软件）",0,苏州校区,2025-2026学年 暑期,01,"南雍-西311,南雍-西311,南雍-西311,南雍-西311,南雍-西311,南雍-西311",0.0,否,,5,14,,2,0,AI赋能民族音乐,S06,"第3节-第4节,第5节-第7节,第2节-第4节,第5节-第7节,第2节-第4节,第5节-第6节",南雍楼,72010030
16.0,400720,国产工业软件开发与应用实践01班,2025202637201007001,,4,,34,"2周,2周,2周,2周,2周,2周",2,李言辉,"周四 3-4节 2周 南雍-东116, 周四 5-7节 2周 南雍-东116, 周五 5-7节 2周 南雍-东116, 周五 2-4节 2周 南雍-东116, 周六 5-7节 2周 南雍-东116, 周六 2-4节 2周 南雍-东116",1.0,智能软件与工程学院,否,理论+实践课程,"周四,周四,周五,周五,周六,周六",2025-2026-3,,2025202637201007001,"2024智能软件与工程学院软件工程（智能化软件）,2023智能软件与工程学院软件工程（智能化软件）",0,苏州校区,2025-2026学年 暑期,01,"南雍-东116,南雍-东116,南雍-东116,南雍-东116,南雍-东116,南雍-东116",0.0,否,,5,12,,4,0,国产工业软件开发与应用实践,S06,"第3节-第4节,第5节-第7节,第2节-第4节,第5节-第7节,第2节-第4节,第5节-第7节",南雍楼,72010070
32.0,400760,SMILES2026机器学习暑期学校01班,2025202637607039001,,4,,18,2-3周,1,"赵放,邰颖,曾哲妮,龙霄潇,刘佳恒,戴望州",自由时间  2-3周 南雍楼,2.0,智能科学与技术学院,否,理论+实践课程,自由时间,2025-2026-3,,2025202637607039001,"2024智能科学与技术学院智能科学与技术,2023智能科学与技术学院智能科学与技术,2022智能科学与技术学院智能科学与技术",0,苏州校区,2025-2026学年 暑期,01,南雍楼,0.0,否,,5,24,,24,0,SMILES2026机器学习暑期学校,,自由时间,,76070390
16.0,200100,Encounter IO-南京大学国际组织人才“云”科考暑期训练营01班,2025202637800543001,,1,文化素质选修,0,,0,,,1.0,就业指导中心,否,理论类课程,,2025-2026-3,,2025202637800543001,2025公共课程文化素质选修,0,鼓楼校区,2025-2026学年 暑期,01,,0.0,否,07,1,14,,2,0,Encounter IO-南京大学国际组织人才“云”科考暑期训练营,,,,78005430
32.0,400150,跨学科跨文化大数据挖掘理论及应用研究01班,2025202637800565001,,3,文化素质选修,38,1-4周,1,"李文中,丁智,宋方敏,方立兵",自由时间  1-4周 上课地点待任课教师通知,2.0,计算机学院,是,理论类课程,自由时间,2025-2026-3,,2025202637800565001,2025公共课程文化素质选修,0,仙林校区,2025-2026学年 暑期,01,上课地点待任课教师通知,0.0,否,07,1,32,,0,1,跨学科跨文化大数据挖掘理论及应用研究,,自由时间,,78005650
32.0,400200,固碳增汇与生态修复01班,2025202637800567001,,3,文化素质选修,13,4-18周,0,"黄贤金,漆信贤,金晓斌",自由时间  4-18周 仙林图书馆校友会报告厅,1.0,地理与海洋科学学院,否,理论类课程,自由时间,2025-2026-3,,2025202637800567001,,0,仙林校区,2025-2026学年 暑期,01,仙林图书馆校友会报告厅,0.0,否,07,1,32,,0,0,固碳增汇与生态修复,,自由时间,,78005670
32.0,400320,数字博物馆与AI策展实践01班,2025202637800641001,,1,文化素质选修,17,1-2周,2,"陈静,胡之月,王诗晓,王潇",自由时间  1-2周 东大楼310,1.0,艺术学院,是,理论+实践+实验课程,自由时间,2025-2026-3,,2025202637800641001,2025公共课程文化素质选修,0,鼓楼校区,2025-2026学年 暑期,01,东大楼310,16.0,否,07,7,,,16,1,数字博物馆与AI策展实践,,自由时间,,78006410
112.0,400280,大文明全球数智科考01班,2025202637800701001,,1,文化素质选修,14,1-4周,1,赵潇欣,自由时间  1-4周 西班牙科考,1.0,建筑与城市规划学院,是,理论+实践课程,自由时间,2025-2026-3,,2025202637800701001,2025公共课程文化素质选修,0,鼓楼校区,2025-2026学年 暑期,01,西班牙科考,0.0,否,07,5,56,,56,1,大文明全球数智科考,,自由时间,,78007010
36.0,400800,红楼梦赏析与创新,2025202637800702001,,4,文化素质选修,36,"1周,1周,1周,1周,1周,2周,2周,2周,2周,2周,3周,3周",2,夏洋,"周一 9-11节 1周 苏教A105, 周二 9-11节 1周 苏教A105, 周三 9-11节 1周 苏教A105, 周四 9-11节 1周 苏教A105, 周五 9-11节 1周 苏教A105, 周一 9-11节 2周 苏教A105, 周二 9-11节 2周 苏教A105, 周三 9-11节 2周 苏教A105, 周四 9-11节 2周 苏教A105, 周五 9-11节 2周 苏教A105, 周一 9-11节 3周 苏教A105, 周二 9-11节 3周 苏教A105",2.0,集成电路学院,是,理论类课程,"周一,周二,周三,周四,周五,周一,周二,周三,周四,周五,周一,周二",2025-2026-3,,2025202637800702001,2025公共课程文化素质选修,0,苏州校区,2025-2026学年 暑期,01,"苏教A105,苏教A105,苏教A105,苏教A105,苏教A105,苏教A105,苏教A105,苏教A105,苏教A105,苏教A105,苏教A105,苏教A105",0.0,否,07,1,36,,0,1,红楼梦赏析与创新,S01,"第9节-第11节,第9节-第11节,第9节-第11节,第9节-第11节,第9节-第11节,第9节-第11节,第9节-第11节,第9节-第11节,第9节-第11节,第9节-第11节,第9节-第11节,第9节-第11节",公共教学楼,78007020
64.0,400800,嵌入式实践入门,2025202638003001001,,4,,34,"2周,2周,2周,2周,2周",2,方元,"周一 1-8节 2周 科创大厦A323, 周二 1-8节 2周 苏教A105, 周三 1-8节 2周 苏教A105, 周四 1-8节 2周 苏教A105, 周五 1-8节 2周 苏教A105",3.0,集成电路学院,否,理论+实验课程,"周一,周二,周三,周四,周五",2025-2026-3,,2025202638003001001,2024集成电路学院集成电路设计与集成系统,0,苏州校区,2025-2026学年 暑期,01,"科创大厦A323,苏教A105,苏教A105,苏教A105,苏教A105",32.0,否,,6,32,,0,0,嵌入式实践入门,S01,"第1节-第8节,第1节-第8节,第1节-第8节,第1节-第8节,第1节-第8节",公共教学楼,80030010
32.0,400800,光电芯片工艺制程认识与实训,2025202638003002001,,4,,11,"1周,1周,1周,1周,1周",2,"张志俭,寇君龙","周一 2-7节 1周 企业, 周二 2-7节 1周 企业, 周三 2-7节 1周 企业, 周四 2-7节 1周 企业, 周五 1-8节 1周 企业",2.0,集成电路学院,否,理论+实践课程,"周一,周二,周三,周四,周五",2025-2026-3,,2025202638003002001,2024集成电路学院集成电路设计与集成系统,0,苏州校区,2025-2026学年 暑期,01,"企业,企业,企业,企业,企业",0.0,否,,5,20,,12,0,光电芯片工艺制程认识与实训,,"第2节-第7节,第2节-第7节,第2节-第7节,第2节-第7节,第1节-第8节",,80030020
64.0,400800,数字SoC设计验证方法与实践,20252026380030090G01,,4,,58,"1周,1周,1周,1周,1周,1周,1周",2,傅玉祥,"周一 2-7节 1周 南雍-西426, 周二 2-7节 1周 南雍-西426, 周三 2-7节 1周 南雍-西426, 周四 2-7节 1周 南雍-西426, 周五 2-7节 1周 南雍-西426, 周六 2-7节 1周 南雍-西426, 周日 2-7节 1周 南雍-西426",3.0,集成电路学院,否,理论+实验课程,"周一,周二,周三,周四,周五,周六,周日",2025-2026-3,,20252026380030090G01,"2024集成电路学院集成电路设计与集成系统,2023集成电路学院集成电路设计与集成系统",0,苏州校区,2025-2026学年 暑期,01,"南雍-西426,南雍-西426,南雍-西426,南雍-西426,南雍-西426,南雍-西426,南雍-西426",32.0,否,,6,32,,0,0,数字SoC设计验证方法与实践,S06,"第2节-第7节,第2节-第7节,第2节-第7节,第2节-第7节,第2节-第7节,第2节-第7节,第2节-第7节",南雍楼,80030090G
32.0,400800,先进制程光刻工艺和AI驱动的计算光刻01班,2025202638003013001,,4,,27,"3周,3周,3周,3周,3周,4周,4周,4周,4周,4周",2,邹宁睦,"周一 5-7节 3周 南雍-西105, 周二 5-7节 3周 南雍-西105, 周三 5-7节 3周 南雍-西105, 周四 5-7节 3周 南雍-西105, 周五 5-8节 3周 南雍-西105, 周一 5-7节 4周 南雍-西105, 周二 5-7节 4周 南雍-西105, 周三 5-7节 4周 南雍-西105, 周四 5-7节 4周 南雍-西105, 周五 5-8节 4周 南雍-西105",2.0,集成电路学院,否,理论类课程,"周一,周二,周三,周四,周五,周一,周二,周三,周四,周五",2025-2026-3,,2025202638003013001,"2024集成电路学院集成电路设计与集成系统,2023集成电路学院集成电路设计与集成系统",0,苏州校区,2025-2026学年 暑期,01,"南雍-西105,南雍-西105,南雍-西105,南雍-西105,南雍-西105,南雍-西105,南雍-西105,南雍-西105,南雍-西105,南雍-西105",0.0,否,,1,32,,0,0,先进制程光刻工艺和AI驱动的计算光刻,S06,"第5节-第7节,第5节-第7节,第5节-第7节,第5节-第7节,第5节-第8节,第5节-第7节,第5节-第7节,第5节-第7节,第5节-第7节,第5节-第8节",南雍楼,80030130
32.0,400800,芯片设计与解决方案,2025202639031330401,,4,,110,"2周,2周,2周,2周,2周",1,傅玉祥,"周一 2-7节 2周 南雍-西105, 周二 2-7节 2周 南雍-西105, 周三 2-7节 2周 南雍-西105, 周四 2-7节 2周 南雍-西105, 周五 2-7节 2周 南雍-西105",2.0,集成电路学院,否,理论类课程,"周一,周二,周三,周四,周五",2025-2026-3,,2025202639031330401,"2024集成电路学院集成电路设计与集成系统,2023集成电路学院集成电路设计与集成系统",0,苏州校区,2025-2026学年 暑期,01,"南雍-西105,南雍-西105,南雍-西105,南雍-西105,南雍-西105",0.0,否,,1,32,,0,0,芯片设计与解决方案,S06,"第2节-第7节,第2节-第7节,第2节-第7节,第2节-第7节,第2节-第7节",南雍楼,90313304
48.0,400800,深度学习与硬件加速,2025202639031330801,,4,,11,"3周,3周,3周,3周,3周",2,傅玉祥,"周一 2-7节 3周 南雍-东116, 周二 2-7节 3周 南雍-东116, 周三 2-7节 3周 南雍-东116, 周四 2-7节 3周 南雍-东116, 周五 2-7节 3周 南雍-东116",2.0,集成电路学院,否,理论+实验课程,"周一,周二,周三,周四,周五",2025-2026-3,,2025202639031330801,"2024集成电路学院集成电路设计与集成系统,2023集成电路学院集成电路设计与集成系统",0,苏州校区,2025-2026学年 暑期,01,"南雍-东116,南雍-东116,南雍-东116,南雍-东116,南雍-东116",32.0,否,,6,16,,0,0,深度学习与硬件加速,S06,"第2节-第7节,第2节-第7节,第2节-第7节,第2节-第7节,第2节-第7节",南雍楼,90313308
96.0,400800,微电子封装技术（集电）,2025202639031330901,,4,,8,"1周,2-3周",1,"谢航,周玉刚","自由时间  1周 企业（长电）, 自由时间  2-3周 ",4.0,集成电路学院,否,理论+实践课程,"自由时间,自由时间",2025-2026-3,,2025202639031330901,"2024集成电路学院集成电路设计与集成系统,2023集成电路学院集成电路设计与集成系统",0,苏州校区,2025-2026学年 暑期,01,"企业（长电）,无",0.0,否,,5,32,,64,0,微电子封装技术,,"自由时间,自由时间",,90313309
111.0,400800,高级模拟及射频集成电路设计与实践,2025202639031340501,,4,,11,"1-3周,1-3周",1,"杜力,杜源","自由时间  1-3周 科创大厦A321, 自由时间  1-3周 ",5.0,集成电路学院,否,理论+实践课程,"自由时间,自由时间",2025-2026-3,,2025202639031340501,2023集成电路学院集成电路设计与集成系统,0,苏州校区,2025-2026学年 暑期,01,"科创大厦A321,无",45.0,否,,5,66,,0,0,高级模拟及射频集成电路设计与实践,,"自由时间,自由时间",,90313405
